Hexcodes,Labels
#fd070b,red
#f9070b,red
#f40408,red
#f6161a,red
#f52226,red
#ef0f13,red
#e50e11,red
#d7090c,red
#e40b0f,red
#f21a1d,red
#fb0509,red
#d61216,red
#ea2124,red
#f43336,red
#e52528,red
#f6282b,red
#e6181b,red
#d71619,red
#c50d10,red
#b7080b,red
#c70407,red
#d4070a,red
#da1013,red
#dc0508,red
#e01013,red
#e7191c,red
#ec161a,red
#e62023,red
#ea292c,red
#ef2d31,red
#f93438,red
#f94043,red
#f13d40,red
#e73538,red
#e12b2e,red
#e62c2f,red
#d82a2d,red
#d22326,red
#d01b1e,red
#ce171a,red
#db191c,red
#d11013,red
#c9080c,red
#bd0609,red
#b5080b,red
#ae0406,red
#be0407,red
#c80205,red
#fb0421,red
#fa0421,red
#fb0c28,red
#f40924,red
#f00621,red
#f1001c,red
#f60420,red
#fb0d29,red
#fb132e,red
#fc1d37,red
#f6142e,red
#ef152e,red
#ea112a,red
#e50b24,red
#e50b24,red
#e30620,red
#df0720,red
#e1031d,red
#dc021b,red
#d4021a,red
#e3031d,red
#e9051f,red
#ea031e,red
#ec0c26,red
#e50721,red
#e1031d,red
#dc041d,red
#e10721,red
#e50c25,red
#e4142c,red
#ec1831,red
#f11f38,red
#f62840,red
#f93249,red
#fa3c52,red
#fb445a,red
#f13f54,red
#e9384d,red
#e02e43,red
#da293e,red
#db2439,red
#d41d32,red
#d11d32,red
#ca1c30,red
#c61429,red
#c70f24,red
#d00c23,red
#cb041b,red
#ff030a,red
#ff0008,red
#fa0008,red
#f40007,red
#f8060e,red
#fd0d14,red
#ff191f,red
#ff1b22,red
#f71017,red
#f8141b,red
#ef0b12,red
#e7040b,red
#ed040b,red
#e60007,red
#df0107,red
#d70007,red
#de030a,red
#e50a11,red
#e61016,red
#ee141b,red
#ec1a20,red
#f01b22,red
#f51b22,red
#fa2027,red
#fc373d,red
#f84248,red
#f93338,red
#f8292f,red
#f03035,red
#ea2a2f,red
#e42329,red
#de1b22,red
#d4181e,red
#ce1115,red
#c7080d,red
#be0007,red
#cd0006,red
#cb0006,red
#d10007,red
#d60209,red
#dc070e,red
#e20e15,red
#e91319,red
#ee1c22,red
#f4232a,red
#fb282f,red
#ff3036,red
#ff232a,red
#ff0000,red
#fc0808,red
#fb0707,red
#f90202,red
#f40000,red
#ee0404,red
#ef0b0b,red
#f10e0e,red
#f61414,red
#f91616,red
#fb1919,red
#ff1919,red
#fd1f1f,red
#f81d1d,red
#f11a1a,red
#ee1717,red
#eb1212,red
#e90f0f,red
#e70d0d,red
#e30707,red
#e20303,red
#e00000,red
#d90303,red
#d80808,red
#af0909,red
#b00303,red
#b80303,red
#bd0707,red
#bf0b0b,red
#c21010,red
#c61616,red
#ca1d1d,red
#d12323,red
#da2929,red
#e43030,red
#ee3939,red
#f54040,red
#fb4343,red
#fc3c3c,red
#f93434,red
#f52f2f,red
#f12c2c,red
#ed2727,red
#e92222,red
#e41e1e,red
#df1818,red
#db1313,red
#da0c0c,red
#ff1e00,red
#ff2306,red
#fc2104,red
#fb1f01,red
#f91d00,red
#f61d00,red
#f62105,red
#f92509,red
#fb280c,red
#ff2c10,red
#fe3014,red
#fa2e12,red
#f42c11,red
#f1280e,red
#ec2409,red
#e91f05,red
#e51d04,red
#df1c03,red
#dd230a,red
#de2911,red
#e22e16,red
#e3321a,red
#e6361f,red
#e93a22,red
#dd3f2a,red
#ce2f1a,red
#c7220c,red
#bd1d08,red
#b71a05,red
#bf1903,red
#c41902,red
#c21902,red
#c71c06,red
#cc210b,red
#cf2711,red
#d62c16,red
#da311a,red
#dd341e,red
#e43b25,red
#e83f29,red
#f04832,red
#f64c36,red
#fb4f39,red
#fc4931,red
#fd462e,red
#f9432b,red
#f43f28,red
#ee3e27,red
#e04430,red
#e44a36,red
#eb4f3a,red
#f2533e,red
#f95843,red
#fe5d47,red
#fc614d,red
#f5604c,red
#eb5946,red
#e45340,red
#d94a37,red
#cd4634,red
#cc3f2c,red
#c33826,red
#ba3625,red
#b5311f,red
#b02917,red
#ae2311,red
#a51e0c,red
#a91a07,red
#ab1805,red
#b01905,red
#b51803,red
#bb1803,red
#ff1600,red
#fd1b06,red
#fb1a05,red
#fb1601,red
#f51601,red
#f51b07,red
#f71e0a,red
#fa230f,red
#fd2713,red
#ff2e1a,red
#fb2c18,red
#f52714,red
#f22411,red
#f1200d,red
#ee1f0b,red
#e81907,red
#e21705,red
#e01503,red
#db1401,red
#db1d0c,red
#e02210,red
#e32918,red
#ea2f1d,red
#f13221,red
#ef4839,red
#ed3e2e,red
#e54031,red
#dd3627,red
#d33425,red
#d83121,red
#cf2d1e,red
#cb2516,red
#c41c0c,red
#c41100,red
#cb1403,red
#ce1403,red
#ca1706,red
#cc1e0e,red
#cc2413,red
#d12617,red
#d42e1e,red
#dd3525,red
#e63a2a,red
#ef3e2e,red
#f7402f,red
#fd3928,red
#fd3d2b,red
#f73725,red
#ff3300,red
#fd3a09,red
#fd3706,red
#f93604,red
#f73201,red
#f43100,red
#ef3100,red
#f43404,red
#f63b0d,red
#f93f11,red
#fc4113,red
#fe4315,red
#ff481b,red
#fa4518,red
#f64114,red
#f03b0e,red
#ec370a,red
#e83508,red
#e63003,red
#df2f03,red
#db2c00,red
#dd3309,red
#e2370d,red
#e83f15,red
#d34420,red
#e04520,red
#e74118,red
#e34822,red
#d94925,red
#d4411b,red
#d7360d,red
#d03510,red
#cb300a,red
#d02900,red
#e02f02,red
#d82e04,red
#d93208,red
#d3370f,red
#d63d17,red
#e04822,red
#ea532d,red
#f65a33,red
#fe5b31,red
#fa552c,red
#f45129,red
#f24b22,red
#f1461b,red
#ec4218,red
#fc1304,red
#ff1100,red
#f91302,red
#f41202,red
#f31000,red
#ef1202,red
#f01809,red
#f41d0e,red
#f91f11,red
#fd2213,red
#fe291a,red
#fe2d1e,red
#f92a1b,red
#f52617,red
#f12213,red
#ec1e0f,red
#e81a0c,red
#e71607,red
#e11305,red
#dd1204,red
#e11001,red
#e01809,red
#e71d0e,red
#ed2719,red
#d30e00,red
#d71103,red
#d41306,red
#d61609,red
#d41c0e,red
#d92215,red
#dc2619,red
#e22517,red
#e42d20,red
#e93427,red
#ef392c,red
#f63c2f,red
#fd4032,red
#fa3b2d,red
#f53729,red
#ef3123,red
#ef2c1e,red
#f43325,red
#fa3527,red
#fe382a,red
#ff3426,red
#fe3021,red
#f92d1f,red
#f42b1d,red
#ce0f01,red
#d01508,red
#d51b0d,red
#ce1e11,red
#d52316,red
#db291c,red
#d92e21,red
#df3226,red
#e3372b,red
#df3a2e,red
#db392d,red
#e64337,red
#e04136,red
#ec4135,red
#f1493d,red
#f64a3e,red
#fa4b3f,red
#fc4e42,red
#fd5246,red
#f95044,red
#f44b3f,red
#eb463a,red
#e2493e,red
#d94237,red
#b10202,red
#b30808,red
#b70b0b,red
#b80f0f,red
#bc1414,red
#be1a1a,red
#c31e1e,red
#c82323,red
#cd2b2b,red
#d23131,red
#d83636,red
#dd3a3a,red
#e54545,red
#e24343,red
#eb4a4a,red
#ef4f4f,red
#f35353,red
#f95b5b,red
#fd5f5f,red
#f65e5e,red
#ee5c5c,red
#e65a5a,red
#dc5454,red
#d74d4d,red
#c12d20,red
#be291b,red
#ba2517,red
#ba2012,red
#b41b0d,red
#ad1507,red
#aa1305,red
#ac0f01,red
#ac0101,red
#ac0404,red
#aa0909,red
#aa0d0d,red
#aa1212,red
#a91414,red
#a91616,red
#ab1a1a,red
#ae1f1f,red
#af2222,red
#b32828,red
#b82b2b,red
#bd3030,red
#c03333,red
#c63a3a,red
#cf4343,red
#c73224,red
#c8372a,red
#d23e31,red
#d5473a,red
#db4a3d,red
#e34d40,red
#e65244,red
#eb5345,red
#f05446,red
#f5584a,red
#f85c4e,red
#fc5d4e,red
#fd6052,red
#fd5258,red
#f94f55,red
#f64b51,red
#f4444a,red
#f03f45,red
#ee383e,red
#e6393f,red
#dc3b41,red
#d8373c,red
#d13439,red
#cb3439,red
#db232c,red
#dc1822,red
#d4161f,red
#d1161f,red
#c8151e,red
#c5121b,red
#c51218,red
#be0a10,red
#c30c12,red
#be050b,red
#be0208,red
#c10006,red
#c40007,red
#c50309,red
#c3060d,red
#c00b11,red
#c01016,red
#c0151b,red
#be191f,red
#bb1e23,red
#ba2328,red
#b7252a,red
#c02b30,red
#c23136,red
#e53039,red
#ec343d,red
#f33d46,red
#fc434d,red
#f2444c,red
#ea4049,red
#df3d45,red
#d7373f,red
#d2323a,red
#ca2f37,red
#cd2b33,red
#c3272f,red
#c5232b,red
#bb2129,red
#bb1921,red
#b31a21,red
#b4141c,red
#b50c14,red
#b71018,red
#b70912,red
#b4050e,red
#b9030c,red
#ba0009,red
#ad020a,red
#982731,red
#9e2832,red
#af323c,red
#aa353f,red
#b03943,red
#ba3a45,red
#c63f4a,red
#d04550,red
#d03e4a,red
#da2d3c,red
#d63644,red
#d43b48,red
#c93440,red
#bf313d,red
#c52e3a,red
#c72936,red
#bf2531,red
#b52632,red
#b61d2a,red
#af1a27,red
#a81521,red
#a70f1b,red
#a50a17,red
#a60512,red
#fd6e07,orange
#f96c07,orange
#f46804,orange
#f67316,orange
#f57922,orange
#ef6c0f,orange
#e5680e,orange
#d75f09,orange
#e4650b,orange
#f2741a,orange
#fb6c05,orange
#d66312,orange
#ea7521,orange
#f48433,orange
#e57525,orange
#f67e28,orange
#e66e18,orange
#d76716,orange
#c55a0d,orange
#b75108,orange
#c75604,orange
#d45d07,orange
#da6410,orange
#dc5f05,orange
#e06710,orange
#e76f19,orange
#ec6f16,orange
#e67320,orange
#ea7a29,orange
#ef7d2d,orange
#f98634,orange
#f98d40,orange
#f1883d,orange
#e77f35,orange
#e1772b,orange
#e67a2c,orange
#d8732a,orange
#d26c23,orange
#d0671b,orange
#ce6317,orange
#db6a19,orange
#d16110,orange
#c95808,orange
#bd5206,orange
#b55008,orange
#ae4c04,orange
#be5204,orange
#c85502,orange
#fb5204,orange
#fa5204,orange
#fb580c,orange
#f45409,orange
#f05106,orange
#f14c00,orange
#f65104,orange
#fb580d,orange
#fb5c13,orange
#fc641d,orange
#f65c14,orange
#ef5b15,orange
#ea5711,orange
#e5510b,orange
#e5510b,orange
#e34c06,orange
#df4b07,orange
#e14903,orange
#dc4802,orange
#d44502,orange
#e34a03,orange
#e94e05,orange
#ea4c03,orange
#ec530c,orange
#e54d07,orange
#e14903,orange
#dc4804,orange
#e14c07,orange
#e5520c,orange
#e45714,orange
#ec5b18,orange
#f1611f,orange
#f66928,orange
#f97232,orange
#fa783c,orange
#fb7d44,orange
#f1773f,orange
#e97038,orange
#e0662e,orange
#da6129,orange
#db5f24,orange
#d4581d,orange
#d1561d,orange
#ca541c,orange
#c64c14,orange
#c74a0f,orange
#d04a0c,orange
#cb4404,orange
#ff6903,orange
#ff6700,orange
#fa6500,orange
#f46300,orange
#f86706,orange
#fd6e0d,orange
#ff7619,orange
#ff771b,orange
#f76d10,orange
#f87014,orange
#ef670b,orange
#e75f04,orange
#ed6204,orange
#e65d00,orange
#df5b01,orange
#d75700,orange
#de5b03,orange
#e5620a,orange
#e66710,orange
#ee6c14,orange
#ec6f1a,orange
#f0711b,orange
#f5731b,orange
#fa7820,orange
#fc8637,orange
#f88b42,orange
#f98433,orange
#f87d29,orange
#f07e30,orange
#ea782a,orange
#e47123,orange
#de691b,orange
#d46418,orange
#ce5f11,orange
#c75608,orange
#be4c00,orange
#cd5300,orange
#cb5200,orange
#d15300,orange
#d65702,orange
#dc5d07,orange
#e2630e,orange
#e96a13,orange
#ee711c,orange
#f47623,orange
#fb7d28,orange
#ff8430,orange
#ff7c23,orange
#ff6f00,orange
#fc7208,orange
#fb7107,orange
#f96d02,orange
#f46a00,orange
#ee6904,orange
#ef6e0b,orange
#f1700e,orange
#f67614,orange
#f97816,orange
#fb7b19,orange
#ff7d19,orange
#fd7f1f,orange
#f87c1d,orange
#f1771a,orange
#ee7417,orange
#eb7012,orange
#e96e0f,orange
#e76c0d,orange
#e36607,orange
#e26403,orange
#e06100,orange
#d96003,orange
#d86208,orange
#af5109,orange
#b04e03,orange
#b85103,orange
#bd5607,orange
#bf590b,orange
#c25d10,orange
#c66216,orange
#ca681d,orange
#d16e23,orange
#da7629,orange
#e47e30,orange
#ee8739,orange
#f58e40,orange
#fb9343,orange
#fc8f3c,orange
#f98934,orange
#f5852f,orange
#f1812c,orange
#ed7d27,orange
#e97822,orange
#e4741e,orange
#df6e18,orange
#db6a13,orange
#da650c,orange
#ff8c00,orange
#ff8f06,orange
#fc8d04,orange
#fb8c01,orange
#f98900,orange
#f68700,orange
#f68a05,orange
#f98d09,orange
#fb900c,orange
#ff9410,orange
#fe9614,orange
#fa9312,orange
#f48e11,orange
#f18a0e,orange
#ec8609,orange
#e98205,orange
#e57f04,orange
#df7b03,orange
#dd7e0a,orange
#de8211,orange
#e28616,orange
#e3891a,orange
#e68c1f,orange
#e99022,orange
#dd8d2a,orange
#ce7d1a,orange
#c7730c,orange
#bd6c08,orange
#b76705,orange
#bf6b03,orange
#c46d02,orange
#c26c02,orange
#c77006,orange
#cc750b,orange
#cf7a11,orange
#d67f16,orange
#da841a,orange
#dd861e,orange
#e48d25,orange
#e89129,orange
#f09b32,orange
#f69f36,orange
#fba339,orange
#fca131,orange
#fda02e,orange
#f99c2b,orange
#f49828,orange
#ee9427,orange
#e09030,orange
#e49536,orange
#eb9b3a,orange
#f2a13e,orange
#f9a743,orange
#fead47,orange
#fcad4d,orange
#f5a94c,orange
#eba046,orange
#e49a40,orange
#d99037,orange
#cd8834,orange
#cc842c,orange
#c37c26,orange
#ba7625,orange
#b5721f,orange
#b06b17,orange
#ae6711,orange
#a5600c,orange
#a96007,orange
#ab6005,orange
#b06305,orange
#b56503,orange
#bb6803,orange
#ff8400,orange
#fd8606,orange
#fb8505,orange
#fb8201,orange
#f58001,orange
#f58207,orange
#f7850a,orange
#fa890f,orange
#fd8d13,orange
#ff911a,orange
#fb8e18,orange
#f58914,orange
#f28611,orange
#f1830d,orange
#ee810b,orange
#e87a07,orange
#e27705,orange
#e07503,orange
#db7201,orange
#db770c,orange
#e07c10,orange
#e38118,orange
#ea881d,orange
#f18c21,orange
#ef9739,orange
#ed902e,orange
#e58e31,orange
#dd8527,orange
#d37f25,orange
#d88021,orange
#cf7a1e,orange
#cb7316,orange
#c46c0c,orange
#c46600,orange
#cb6b03,orange
#ce6c03,orange
#ca6c06,orange
#cc700e,orange
#cc7413,orange
#d17717,orange
#d47d1e,orange
#dd8525,orange
#e68c2a,orange
#ef922e,orange
#f7972f,orange
#fd9528,orange
#fd982b,orange
#f79225,orange
#ffa100,orange
#fda309,orange
#fda206,orange
#f9a004,orange
#f79d01,orange
#f49a00,orange
#ef9800,orange
#f49c04,orange
#f6a00d,orange
#f9a411,orange
#fca613,orange
#fea815,orange
#ffaa1b,orange
#faa718,orange
#f6a314,orange
#f09d0e,orange
#ec990a,orange
#e89608,orange
#e69303,orange
#df8e03,orange
#db8b00,orange
#dd8f09,orange
#e2940d,orange
#e89b15,orange
#d39120,orange
#e09920,orange
#e79b18,orange
#e39b22,orange
#d99725,orange
#d4911b,orange
#d78e0d,orange
#d08910,orange
#cb830a,orange
#d08300,orange
#e08f02,orange
#d88a04,orange
#d98c08,orange
#d38c0f,orange
#d69017,orange
#e09a22,orange
#eaa52d,orange
#f6ae33,orange
#feb431,orange
#faae2c,orange
#f4a929,orange
#f2a522,orange
#f1a21b,orange
#ec9e18,orange
#fc7f04,orange
#ff7f00,orange
#f97e02,orange
#f47b02,orange
#f37900,orange
#ef7802,orange
#f07c09,orange
#f4810e,orange
#f98411,orange
#fd8713,orange
#fe8c1a,orange
#fe8e1e,orange
#f98a1b,orange
#f58617,orange
#f18213,orange
#ec7d0f,orange
#e8790c,orange
#e77707,orange
#e17205,orange
#dd7004,orange
#e17101,orange
#e07509,orange
#e77b0e,orange
#ed8319,orange
#d36900,orange
#d76d03,orange
#d46c06,orange
#d66f09,orange
#d4720e,orange
#d97715,orange
#dc7a19,orange
#e27d17,orange
#e48220,orange
#e98827,orange
#ef8d2c,orange
#f6922f,orange
#fd9832,orange
#fa932d,orange
#f59029,orange
#ef8a23,orange
#ef861e,orange
#f48c25,orange
#fa9027,orange
#fe942a,orange
#ff9226,orange
#fe8f21,orange
#f98b1f,orange
#f4881d,orange
#ce6701,orange
#d06c08,orange
#d5720d,orange
#ce7011,orange
#d57516,orange
#db7b1c,orange
#d97e21,orange
#df8226,orange
#e3872b,orange
#df862e,orange
#db852d,orange
#e68e37,orange
#e08b36,orange
#ec9035,orange
#f1973d,orange
#f69a3e,orange
#fa9c3f,orange
#fc9e42,orange
#fda146,orange
#f99e44,orange
#f4993f,orange
#eb923a,orange
#e2903e,orange
#d98837,orange
#b14e02,orange
#b35208,orange
#b7560b,orange
#b8580f,orange
#bc5d14,orange
#be611a,orange
#c3661e,orange
#c86b23,orange
#cd712b,orange
#d27731,orange
#d87c36,orange
#dd813a,orange
#e58a45,orange
#e28843,orange
#eb904a,orange
#ef944f,orange
#f39853,orange
#f9a05b,orange
#fda45f,orange
#f6a05e,orange
#ee9b5c,orange
#e6975a,orange
#dc8f54,orange
#d7894d,orange
#c17320,orange
#be701b,orange
#ba6c17,orange
#ba6912,orange
#b4630d,orange
#ad5d07,orange
#aa5b05,orange
#ac5901,orange
#ac4b01,orange
#ac4d04,orange
#aa4f09,orange
#aa510d,orange
#aa5412,orange
#a95514,orange
#a95616,orange
#ab591a,orange
#ae5d1f,orange
#af5f22,orange
#b36428,orange
#b8682b,orange
#bd6d30,orange
#c07033,orange
#c6773a,orange
#cf8043,orange
#c77924,orange
#c87b2a,orange
#d28431,orange
#d58a3a,orange
#db8e3d,orange
#e39340,orange
#e69844,orange
#eb9b45,orange
#f09e46,orange
#f5a24a,orange
#f8a64e,orange
#fca84e,orange
#fdaa52,orange
#fd9652,orange
#f9934f,orange
#f68f4b,orange
#f48a44,orange
#f0863f,orange
#ee8138,orange
#e67e39,orange
#dc7b3b,orange
#d87837,orange
#d17334,orange
#cb7134,orange
#db6a23,orange
#dc6318,orange
#d45f16,orange
#d15e16,orange
#c85a15,orange
#c55712,orange
#c55912,orange
#be520a,orange
#c3560c,orange
#be4f05,orange
#be4e02,orange
#c14e00,orange
#c44e00,orange
#c55103,orange
#c35106,orange
#c0540b,orange
#c05610,orange
#c05915,orange
#be5b19,orange
#bb5d1e,orange
#ba6023,orange
#b75f25,orange
#c0662b,orange
#c26b31,orange
#e57530,orange
#ec7b34,orange
#f3833d,orange
#fc8943,orange
#f28744,orange
#ea8040,orange
#df7b3d,orange
#d77437,orange
#d26f32,orange
#ca6a2f,orange
#cd692b,orange
#c36327,orange
#c56123,orange
#bb5c21,orange
#bb5719,orange
#b3551a,orange
#b45114,orange
#b54d0c,orange
#b75110,orange
#b74c09,orange
#b44805,orange
#b94903,orange
#ba4800,orange
#ad4402,orange
#984e27,orange
#9e5128,orange
#af5e32,orange
#aa5e35,orange
#b06339,orange
#ba663a,orange
#c66e3f,orange
#d07645,orange
#d0713e,orange
#da692d,orange
#d66e36,orange
#d4703b,orange
#c96834,orange
#bf6231,orange
#c5642e,orange
#c76129,orange
#bf5c25,orange
#b55826,orange
#b6521d,orange
#af4e1a,orange
#a84915,orange
#a7450f,orange
#a5400a,orange
#a63e05,orange
#fda707,yellow
#f9a407,yellow
#f4a004,yellow
#f6a616,yellow
#f5aa22,yellow
#ef9f0f,yellow
#e5990e,yellow
#d78f09,yellow
#e4970b,yellow
#f2a61a,yellow
#fba505,yellow
#d69012,yellow
#eaa321,yellow
#f4b033,yellow
#e5a125,yellow
#f6ae28,yellow
#e69e18,yellow
#d79316,yellow
#c5840d,yellow
#b77908,yellow
#c78204,yellow
#d48c07,yellow
#da9310,yellow
#dc9005,yellow
#e09710,yellow
#e79f19,yellow
#eca016,yellow
#e6a020,yellow
#eaa629,yellow
#efaa2d,yellow
#f9b334,yellow
#f9b840,yellow
#f1b23d,yellow
#e7a835,yellow
#e1a12b,yellow
#e6a52c,yellow
#d89b2a,yellow
#d29423,yellow
#d0901b,yellow
#ce8e17,yellow
#db9719,yellow
#d18d10,yellow
#c98408,yellow
#bd7d06,yellow
#b57808,yellow
#ae7304,yellow
#be7d04,yellow
#c88202,yellow
#fb8b04,yellow
#fa8b04,yellow
#fb8f0c,yellow
#f48a09,yellow
#f08706,yellow
#f18400,yellow
#f68804,yellow
#fb8f0d,yellow
#fb9213,yellow
#fc971d,yellow
#f69014,yellow
#ef8d15,yellow
#ea8911,yellow
#e5830b,yellow
#e5830b,yellow
#e37f06,yellow
#df7d07,yellow
#e17c03,yellow
#dc7a02,yellow
#d47602,yellow
#e37d03,yellow
#e98305,yellow
#ea8103,yellow
#ec860c,yellow
#e58007,yellow
#e17c03,yellow
#dc7a04,yellow
#e17e07,yellow
#e5840c,yellow
#e48714,yellow
#ec8c18,yellow
#f1921f,yellow
#f69928,yellow
#f9a032,yellow
#faa43c,yellow
#fba744,yellow
#f1a03f,yellow
#e99938,yellow
#e08f2e,yellow
#da8a29,yellow
#db8924,yellow
#d4821d,yellow
#d17f1d,yellow
#ca7c1c,yellow
#c67514,yellow
#c7740f,yellow
#d0770c,yellow
#cb7204,yellow
#ffa303,yellow
#ffa100,yellow
#fa9e00,yellow
#f49b00,yellow
#f89f06,yellow
#fda60d,yellow
#ffab19,yellow
#ffab1b,yellow
#f7a210,yellow
#f8a414,yellow
#ef9b0b,yellow
#e79404,yellow
#ed9704,yellow
#e69200,yellow
#df8e01,yellow
#d78800,yellow
#de8e03,yellow
#e5950a,yellow
#e69810,yellow
#ee9e14,yellow
#eca01a,yellow
#f0a21b,yellow
#f5a51b,yellow
#faaa20,yellow
#fcb437,yellow
#f8b542,yellow
#f9b233,yellow
#f8ad29,yellow
#f0aa30,yellow
#eaa42a,yellow
#e49d23,yellow
#de961b,yellow
#d48f18,yellow
#ce8b11,yellow
#c78208,yellow
#be7700,yellow
#cd8300,yellow
#cb8000,yellow
#d18300,yellow
#d68802,yellow
#dc8e07,yellow
#e2940e,yellow
#e99b13,yellow
#eea21c,yellow
#f4a623,yellow
#fbae28,yellow
#ffb430,yellow
#ffae23,yellow
#ffa900,yellow
#fcaa08,yellow
#fba907,yellow
#f9a602,yellow
#f4a200,yellow
#ee9f04,yellow
#efa20b,yellow
#f1a50e,yellow
#f6aa14,yellow
#f9ad16,yellow
#fbaf19,yellow
#ffb219,yellow
#fdb21f,yellow
#f8ae1d,yellow
#f1a91a,yellow
#eea617,yellow
#eba212,yellow
#e9a00f,yellow
#e79e0d,yellow
#e39907,yellow
#e29703,yellow
#e09500,yellow
#d99103,yellow
#d89208,yellow
#af7709,yellow
#b07603,yellow
#b87b03,yellow
#bd8007,yellow
#bf830b,yellow
#c28610,yellow
#c68b16,yellow
#ca901d,yellow
#d19723,yellow
#da9f29,yellow
#e4a830,yellow
#eeb139,yellow
#f5b840,yellow
#fbbd43,yellow
#fcbb3c,yellow
#f9b734,yellow
#f5b22f,yellow
#f1af2c,yellow
#edaa27,yellow
#e9a622,yellow
#e4a11e,yellow
#df9c18,yellow
#db9813,yellow
#da950c,yellow
#ffc700,yellow
#ffc906,yellow
#fcc604,yellow
#fbc501,yellow
#f9c300,yellow
#f6c000,yellow
#f6c105,yellow
#f9c409,yellow
#fbc70c,yellow
#ffcb10,yellow
#fecc14,yellow
#fac812,yellow
#f4c211,yellow
#f1be0e,yellow
#ecba09,yellow
#e9b605,yellow
#e5b304,yellow
#dfae03,yellow
#ddaf0a,yellow
#deb111,yellow
#e2b516,yellow
#e3b71a,yellow
#e6ba1f,yellow
#e9be22,yellow
#ddb62a,yellow
#cea71a,yellow
#c79e0c,yellow
#bd9508,yellow
#b79005,yellow
#bf9603,yellow
#c49a02,yellow
#c29902,yellow
#c79c06,yellow
#cca10b,yellow
#cfa511,yellow
#d6ab16,yellow
#dab11a,yellow
#ddb21e,yellow
#e4b925,yellow
#e8bd29,yellow
#f0c632,yellow
#f6cb36,yellow
#fbd039,yellow
#fcd031,yellow
#fdd02e,yellow
#f9cc2b,yellow
#f4c728,yellow
#eec227,yellow
#e0b930,yellow
#e4bd36,yellow
#ebc43a,yellow
#f2cb3e,yellow
#f9d043,yellow
#fed747,yellow
#fcd54d,yellow
#f5d04c,yellow
#ebc646,yellow
#e4c040,yellow
#d9b637,yellow
#cdac34,yellow
#cca92c,yellow
#c3a026,yellow
#ba9925,yellow
#b5951f,yellow
#b08f17,yellow
#ae8b11,yellow
#a5840c,yellow
#a98607,yellow
#ab8605,yellow
#b08b05,yellow
#b58e03,yellow
#bb9203,yellow
#ffbf00,yellow
#fdbf06,yellow
#fbbd05,yellow
#fbbc01,yellow
#f5b801,yellow
#f5b907,yellow
#f7bc0a,yellow
#fabf0f,yellow
#fdc213,yellow
#ffc61a,yellow
#fbc218,yellow
#f5bd14,yellow
#f2ba11,yellow
#f1b70d,yellow
#eeb50b,yellow
#e8ae07,yellow
#e2aa05,yellow
#e0a803,yellow
#dba401,yellow
#dba60c,yellow
#e0ac10,yellow
#e3af18,yellow
#eab71d,yellow
#f1bc21,yellow
#efc139,yellow
#edbd2e,yellow
#e5b731,yellow
#ddaf27,yellow
#d3a725,yellow
#d8aa21,yellow
#cfa31e,yellow
#cb9d16,yellow
#c4960c,yellow
#c49300,yellow
#cb9903,yellow
#ce9a03,yellow
#ca9906,yellow
#cc9c0e,yellow
#cc9e13,yellow
#d1a217,yellow
#d4a61e,yellow
#ddaf25,yellow
#e6b72a,yellow
#efbe2e,yellow
#f7c52f,yellow
#fdc628,yellow
#fdc82b,yellow
#f7c225,yellow
#ffdc00,yellow
#fddc09,yellow
#fddb06,yellow
#f9d804,yellow
#f7d501,yellow
#f4d300,yellow
#efcf00,yellow
#f4d304,yellow
#f6d60d,yellow
#f9d911,yellow
#fcdb13,yellow
#fede15,yellow
#ffdf1b,yellow
#fadb18,yellow
#f6d714,yellow
#f0d10e,yellow
#eccd0a,yellow
#e8c908,yellow
#e6c703,yellow
#dfc103,yellow
#dbbd00,yellow
#ddc009,yellow
#e2c50d,yellow
#e8cb15,yellow
#d3bb20,yellow
#e0c520,yellow
#e7cb18,yellow
#e3c822,yellow
#d9c025,yellow
#d4bb1b,yellow
#d7bc0d,yellow
#d0b510,yellow
#cbb00a,yellow
#d0b300,yellow
#e0c302,yellow
#d8bb04,yellow
#d9bc08,yellow
#d3b90f,yellow
#d6bc17,yellow
#e0c622,yellow
#ead02d,yellow
#f6db33,yellow
#fee331,yellow
#fade2c,yellow
#f4d729,yellow
#f2d522,yellow
#f1d41b,yellow
#eccf18,yellow
#fcb804,yellow
#ffba00,yellow
#f9b702,yellow
#f4b302,yellow
#f3b200,yellow
#efaf02,yellow
#f0b209,yellow
#f4b60e,yellow
#f9ba11,yellow
#fdbd13,yellow
#fec11a,yellow
#fec21e,yellow
#f9bd1b,yellow
#f5b917,yellow
#f1b513,yellow
#ecb00f,yellow
#e8ac0c,yellow
#e7ab07,yellow
#e1a505,yellow
#dda204,yellow
#e1a501,yellow
#e0a709,yellow
#e7ad0e,yellow
#edb419,yellow
#d39a00,yellow
#d79e03,yellow
#d49c06,yellow
#d69e09,yellow
#d49f0e,yellow
#d9a415,yellow
#dca719,yellow
#e2ac17,yellow
#e4af20,yellow
#e9b527,yellow
#efba2c,yellow
#f6c02f,yellow
#fdc732,yellow
#fac32d,yellow
#f5bf29,yellow
#efb923,yellow
#efb71e,yellow
#f4bc25,yellow
#fac127,yellow
#fec52a,yellow
#ffc426,yellow
#fec221,yellow
#f9bd1f,yellow
#f4ba1d,yellow
#ce9701,yellow
#d09a08,yellow
#d5a00d,yellow
#ce9c11,yellow
#d5a216,yellow
#dba81c,yellow
#d9a821,yellow
#dfad26,yellow
#e3b12b,yellow
#dfaf2e,yellow
#dbad2d,yellow
#e6b737,yellow
#e0b236,yellow
#ecbb35,yellow
#f1c03d,yellow
#f6c43e,yellow
#fac73f,yellow
#fcc942,yellow
#fdcc46,yellow
#f9c844,yellow
#f4c33f,yellow
#ebbb3a,yellow
#e2b63e,yellow
#d9ad37,yellow
#b17602,yellow
#b37a08,yellow
#b77d0b,yellow
#b87f0f,yellow
#bc8414,yellow
#be871a,yellow
#c38c1e,yellow
#c89123,yellow
#cd972b,yellow
#d29c31,yellow
#d8a236,yellow
#dda63a,yellow
#e5af45,yellow
#e2ad43,yellow
#ebb54a,yellow
#efb94f,yellow
#f3bd53,yellow
#f9c45b,yellow
#fdc85f,yellow
#f6c35e,yellow
#eebd5c,yellow
#e6b75a,yellow
#dcae54,yellow
#d7a94d,yellow
#c19820,yellow
#be951b,yellow
#ba9117,yellow
#ba8f12,yellow
#b48a0d,yellow
#ad8307,yellow
#aa8105,yellow
#ac8101,yellow
#ac7301,yellow
#ac7404,yellow
#aa7409,yellow
#aa750d,yellow
#aa7712,yellow
#a97714,yellow
#a97816,yellow
#ab7a1a,yellow
#ae7e1f,yellow
#af8022,yellow
#b38428,yellow
#b8892b,yellow
#bd8e30,yellow
#c09133,yellow
#c6973a,yellow
#cfa043,yellow
#c79e24,yellow
#c8a02a,yellow
#d2a931,yellow
#d5ae3a,yellow
#dbb33d,yellow
#e3b940,yellow
#e6bd44,yellow
#ebc145,yellow
#f0c546,yellow
#f5ca4a,yellow
#f8cd4e,yellow
#fcd04e,yellow
#fdd252,yellow
#fdbe52,yellow
#f9ba4f,yellow
#f6b74b,yellow
#f4b344,yellow
#f0ae3f,yellow
#eeab38,yellow
#e6a639,yellow
#dca03b,yellow
#d89d37,yellow
#d19734,yellow
#cb9434,yellow
#db9523,yellow
#dc9018,yellow
#d48b16,yellow
#d18916,yellow
#c88315,yellow
#c58012,yellow
#c58312,yellow
#be7b0a,yellow
#c3800c,yellow
#be7a05,yellow
#be7902,yellow
#c17a00,yellow
#c47b00,yellow
#c57e03,yellow
#c37d06,yellow
#c07e0b,yellow
#c07f10,yellow
#c08115,yellow
#be8119,yellow
#bb811e,yellow
#ba8323,yellow
#b78125,yellow
#c0892b,yellow
#c28c31,yellow
#e59f30,yellow
#eca634,yellow
#f3ad3d,yellow
#fcb443,yellow
#f2af44,yellow
#eaa840,yellow
#dfa03d,yellow
#d79937,yellow
#d29432,yellow
#ca8e2f,yellow
#cd8e2b,yellow
#c38727,yellow
#c58623,yellow
#bb7f21,yellow
#bb7c19,yellow
#b3781a,yellow
#b47614,yellow
#b5740c,yellow
#b77710,yellow
#b77409,yellow
#b47005,yellow
#b97303,yellow
#ba7300,yellow
#ad6c02,yellow
#986827,yellow
#9e6c28,yellow
#af7b32,yellow
#aa7935,yellow
#b07e39,yellow
#ba843a,yellow
#c68e3f,yellow
#d09645,yellow
#d0933e,yellow
#da912d,yellow
#d69236,yellow
#d4933b,yellow
#c98b34,yellow
#bf8331,yellow
#c5862e,yellow
#c78529,yellow
#bf7f25,yellow
#b57926,yellow
#b6751d,yellow
#af701a,yellow
#a86b15,yellow
#a7680f,yellow
#a5640a,yellow
#a66305,yellow
#dbfd07,lime
#d8f907,lime
#d3f404,lime
#d8f616,lime
#d9f522,lime
#d1ef0f,lime
#c8e50e,lime
#bbd709,lime
#c7e40b,lime
#d4f21a,lime
#d9fb05,lime
#bcd612,lime
#cfea21,lime
#daf433,lime
#cbe525,lime
#daf628,lime
#cae618,lime
#bdd716,lime
#acc50d,lime
#9fb708,lime
#acc704,lime
#b8d407,lime
#beda10,lime
#bfdc05,lime
#c4e010,lime
#cbe719,lime
#d0ec16,lime
#cbe620,lime
#d0ea29,lime
#d5ef2d,lime
#dff934,lime
#e0f940,lime
#d8f13d,lime
#cfe735,lime
#c8e12b,lime
#cde62c,lime
#c0d82a,lime
#bad223,lime
#b7d01b,lime
#b5ce17,lime
#c0db19,lime
#b7d110,lime
#afc908,lime
#a4bd06,lime
#9db508,lime
#96ae04,lime
#a5be04,lime
#adc802,lime
#f2fb04,lime
#f1fa04,lime
#f3fb0c,lime
#ebf409,lime
#e7f006,lime
#e9f100,lime
#edf604,lime
#f3fb0d,lime
#f3fb13,lime
#f4fc1d,lime
#edf614,lime
#e6ef15,lime
#e2ea11,lime
#dce50b,lime
#dce50b,lime
#dbe306,lime
#d7df07,lime
#d9e103,lime
#d3dc02,lime
#ccd402,lime
#dbe303,lime
#e0e905,lime
#e2ea03,lime
#e4ec0c,lime
#dde507,lime
#d9e103,lime
#d4dc04,lime
#d9e107,lime
#dde50c,lime
#dce414,lime
#e5ec18,lime
#eaf11f,lime
#eff628,lime
#f1f932,lime
#f3fa3c,lime
#f5fb44,lime
#ebf13f,lime
#e3e938,lime
#dae02e,lime
#d4da29,lime
#d4db24,lime
#cdd41d,lime
#cbd11d,lime
#c3ca1c,lime
#c0c614,lime
#c0c70f,lime
#c9d00c,lime
#c3cb04,lime
#dfff03,lime
#e0ff00,lime
#dcfa00,lime
#d5f400,lime
#dbf806,lime
#dffd0d,lime
#e2ff19,lime
#e3ff1b,lime
#dbf710,lime
#dcf814,lime
#d3ef0b,lime
#cce704,lime
#d1ed04,lime
#cae600,lime
#c3df01,lime
#bdd700,lime
#c3de03,lime
#cae50a,lime
#cbe610,lime
#d4ee14,lime
#d2ec1a,lime
#d6f01b,lime
#dbf51b,lime
#e0fa20,lime
#e4fc37,lime
#e2f842,lime
#dff933,lime
#def829,lime
#d8f030,lime
#d2ea2a,lime
#cde423,lime
#c7de1b,lime
#bdd418,lime
#b5ce11,lime
#afc708,lime
#a8be00,lime
#b3cd00,lime
#b2cb00,lime
#b9d100,lime
#bcd602,lime
#c2dc07,lime
#c8e20e,lime
#cee913,lime
#d4ee1c,lime
#dcf423,lime
#e1fb28,lime
#e5ff30,lime
#e4ff23,lime
#d8ff00,lime
#d7fc08,lime
#d6fb07,lime
#d3f902,lime
#cff400,lime
#caee04,lime
#ccef0b,lime
#cef10e,lime
#d4f614,lime
#d6f916,lime
#d9fb19,lime
#dcff19,lime
#dbfd1f,lime
#d7f81d,lime
#d0f11a,lime
#cdee17,lime
#caeb12,lime
#c8e90f,lime
#c6e70d,lime
#c1e307,lime
#c0e203,lime
#bee000,lime
#b8d903,lime
#b8d808,lime
#96af09,lime
#96b003,lime
#9cb803,lime
#a1bd07,lime
#a4bf0b,lime
#a7c210,lime
#abc616,lime
#b0ca1d,lime
#b6d123,lime
#bfda29,lime
#c9e430,lime
#d2ee39,lime
#d9f540,lime
#dffb43,lime
#dffc3c,lime
#dbf934,lime
#d7f52f,lime
#d3f12c,lime
#cfed27,lime
#cbe922,lime
#c6e41e,lime
#c1df18,lime
#bddb13,lime
#bbda0c,lime
#baff00,lime
#bcff06,lime
#b9fc04,lime
#b7fb01,lime
#b6f900,lime
#b4f600,lime
#b5f605,lime
#b8f909,lime
#bbfb0c,lime
#bfff10,lime
#befe14,lime
#bbfa12,lime
#b7f411,lime
#b5f10e,lime
#afec09,lime
#ace905,lime
#a9e504,lime
#a5df03,lime
#a4dd0a,lime
#a7de11,lime
#abe216,lime
#ade31a,lime
#b1e61f,lime
#b3e922,lime
#addd2a,lime
#9dce1a,lime
#95c70c,lime
#8cbd08,lime
#87b705,lime
#8cbf03,lime
#90c402,lime
#8dc202,lime
#94c706,lime
#99cc0b,lime
#9ccf11,lime
#a3d616,lime
#a5da1a,lime
#aadd1e,lime
#b1e425,lime
#b5e829,lime
#bdf032,lime
#c3f636,lime
#c7fb39,lime
#c5fc31,lime
#c5fd2e,lime
#c1f92b,lime
#bef428,lime
#b9ee27,lime
#b1e030,lime
#b6e436,lime
#bbeb3a,lime
#c1f23e,lime
#c9f943,lime
#ccfe47,lime
#cefc4d,lime
#c7f54c,lime
#bfeb46,lime
#b8e440,lime
#add937,lime
#a4cd34,lime
#a1cc2c,lime
#99c326,lime
#92ba25,lime
#8cb51f,lime
#87b017,lime
#84ae11,lime
#7ca50c,lime
#7da907,lime
#7fab05,lime
#82b005,lime
#85b503,lime
#8abb03,lime
#c2ff00,lime
#c2fd06,lime
#c0fb05,lime
#c0fb01,lime
#bbf501,lime
#bdf507,lime
#bff70a,lime
#c2fa0f,lime
#c5fd13,lime
#c8ff1a,lime
#c5fb18,lime
#bff514,lime
#bcf211,lime
#bcf10d,lime
#b8ee0b,lime
#b4e807,lime
#aee205,lime
#ace003,lime
#a7db01,lime
#aadb0c,lime
#aee010,lime
#b3e318,lime
#b9ea1d,lime
#c0f121,lime
#c4ef39,lime
#c0ed2e,lime
#bbe531,lime
#b2dd27,lime
#aad325,lime
#acd821,lime
#a5cf1e,lime
#a1cb16,lime
#98c40c,lime
#95c400,lime
#9bcb03,lime
#9ece03,lime
#9bca06,lime
#9fcc0e,lime
#9fcc13,lime
#a5d117,lime
#a9d41e,lime
#b1dd25,lime
#b9e62a,lime
#c2ef2e,lime
#c7f72f,lime
#ccfd28,lime
#cbfd2b,lime
#c5f725,lime
#a5ff00,lime
#a7fd09,lime
#a6fd06,lime
#a2f904,lime
#a1f701,lime
#9ef400,lime
#9aef00,lime
#a0f404,lime
#a4f60d,lime
#a7f911,lime
#abfc13,lime
#acfe15,lime
#b0ff1b,lime
#abfa18,lime
#a7f614,lime
#a1f00e,lime
#9dec0a,lime
#99e808,lime
#96e603,lime
#92df03,lime
#8edb00,lime
#92dd09,lime
#97e20d,lime
#9ee815,lime
#94d320,lime
#9de020,lime
#9ee718,lime
#a0e322,lime
#9ad925,lime
#92d41b,lime
#8fd70d,lime
#8dd010,lime
#88cb0a,lime
#88d000,lime
#91e002,lime
#8dd804,lime
#90d908,lime
#8dd30f,lime
#93d617,lime
#9de022,lime
#a8ea2d,lime
#b1f633,lime
#b5fe31,lime
#b2fa2c,lime
#adf429,lime
#aaf222,lime
#a6f11b,lime
#a1ec18,lime
#c7fc04,lime
#c7ff00,lime
#c2f902,lime
#bff402,lime
#bef300,lime
#bbef02,lime
#bdf009,lime
#c2f40e,lime
#c7f911,lime
#cbfd13,lime
#ccfe1a,lime
#cdfe1e,lime
#c8f91b,lime
#c4f517,lime
#c0f113,lime
#bcec0f,lime
#b9e80c,lime
#b6e707,lime
#b2e105,lime
#aedd04,lime
#b0e101,lime
#b0e009,lime
#b7e70e,lime
#bfed19,lime
#a5d300,lime
#a9d703,lime
#a8d406,lime
#aad609,lime
#a8d40e,lime
#aed915,lime
#b1dc19,lime
#b5e217,lime
#b9e420,lime
#bfe927,lime
#c4ef2c,lime
#caf62f,lime
#d0fd32,lime
#cdfa2d,lime
#c8f529,lime
#c2ef23,lime
#c1ef1e,lime
#c7f425,lime
#ccfa27,lime
#d0fe2a,lime
#d0ff26,lime
#cefe21,lime
#caf91f,lime
#c5f41d,lime
#a1ce01,lime
#a4d008,lime
#a8d50d,lime
#a4ce11,lime
#abd516,lime
#b1db1c,lime
#b0d921,lime
#b7df26,lime
#bbe32b,lime
#b8df2e,lime
#b4db2d,lime
#c0e637,lime
#bbe036,lime
#c4ec35,lime
#caf13d,lime
#cef63e,lime
#d2fa3f,lime
#d4fc42,lime
#d5fd46,lime
#d1f944,lime
#ccf43f,lime
#c4eb3a,lime
#bee23e,lime
#b6d937,lime
#96b102,lime
#99b308,lime
#9db70b,lime
#9eb80f,lime
#a2bc14,lime
#a5be1a,lime
#aac31e,lime
#afc823,lime
#b4cd2b,lime
#b9d231,lime
#bfd836,lime
#c4dd3a,lime
#cde545,lime
#cae243,lime
#d2eb4a,lime
#d7ef4f,lime
#dbf353,lime
#e1f95b,lime
#e5fd5f,lime
#dff65e,lime
#d8ee5c,lime
#d1e65a,lime
#c7dc54,lime
#c2d74d,lime
#9bc120,lime
#97be1b,lime
#93ba17,lime
#93ba12,lime
#8db40d,lime
#85ad07,lime
#83aa05,lime
#84ac01,lime
#92ac01,lime
#92ac04,lime
#91aa09,lime
#92aa0d,lime
#93aa12,lime
#92a914,lime
#93a916,lime
#95ab1a,lime
#98ae1f,lime
#9aaf22,lime
#9eb328,lime
#a3b82b,lime
#a8bd30,lime
#abc033,lime
#b1c63a,lime
#bacf43,lime
#a0c724,lime
#a3c82a,lime
#acd231,lime
#b1d53a,lime
#b6db3d,lime
#bde340,lime
#bfe644,lime
#c3eb45,lime
#c8f046,lime
#cdf54a,lime
#d0f84e,lime
#d3fc4e,lime
#d5fd52,lime
#e9fd52,lime
#e5f94f,lime
#e2f64b,lime
#dff444,lime
#dbf03f,lime
#d8ee38,lime
#d2e639,lime
#cadc3b,lime
#c5d837,lime
#bed134,lime
#b9cb34,lime
#c8db23,lime
#c8dc18,lime
#c0d416,lime
#bdd116,lime
#b6c815,lime
#b3c512,lime
#b0c512,lime
#a9be0a,lime
#adc30c,lime
#a8be05,lime
#a7be02,lime
#aac100,lime
#adc400,lime
#aec503,lime
#adc306,lime
#aac00b,lime
#abc010,lime
#acc015,lime
#abbe19,lime
#a8bb1e,lime
#a8ba23,lime
#a6b725,lime
#afc02b,lime
#b1c231,lime
#d3e530,lime
#d9ec34,lime
#e1f33d,lime
#eafc43,lime
#e0f244,lime
#d9ea40,lime
#cfdf3d,lime
#c7d737,lime
#c2d232,lime
#baca2f,lime
#bdcd2b,lime
#b3c327,lime
#b5c523,lime
#abbb21,lime
#abbb19,lime
#a3b31a,lime
#a4b414,lime
#a3b50c,lime
#a5b710,lime
#a5b709,lime
#a2b405,lime
#a7b903,lime
#a6ba00,lime
#9bad02,lime
#919827,lime
#969e28,lime
#a6af32,lime
#a2aa35,lime
#a8b039,lime
#b1ba3a,lime
#bdc63f,lime
#c6d045,lime
#c6d03e,lime
#cfda2d,lime
#cbd636,lime
#cad43b,lime
#bfc934,lime
#b6bf31,lime
#bac52e,lime
#bcc729,lime
#b4bf25,lime
#abb526,lime
#acb61d,lime
#a5af1a,lime
#9ea815,lime
#9ca70f,lime
#9aa50a,lime
#9ba605,lime
#75fd07,green
#73f907,green
#6ff404,green
#7bf616,green
#81f522,green
#74ef0f,green
#6ee50e,green
#65d709,green
#6ce40b,green
#7af21a,green
#73fb05,green
#6ad612,green
#7bea21,green
#89f433,green
#7ae525,green
#84f628,green
#74e618,green
#6cd716,green
#5fc50d,green
#56b708,green
#5bc704,green
#62d407,green
#6ada10,green
#65dc05,green
#6de010,green
#75e719,green
#76ec16,green
#78e620,green
#7fea29,green
#84ef2d,green
#8cf934,green
#92f940,green
#8df13d,green
#84e735,green
#7ce12b,green
#7fe62c,green
#77d82a,green
#71d223,green
#6cd01b,green
#68ce17,green
#6fdb19,green
#66d110,green
#5fc908,green
#57bd06,green
#55b508,green
#4fae04,green
#57be04,green
#5ac802,green
#8bfb04,green
#8bfa04,green
#8ffb0c,green
#89f409,green
#85f006,green
#84f100,green
#88f604,green
#8ffb0d,green
#92fb13,green
#97fc1d,green
#8ff614,green
#8bef15,green
#87ea11,green
#81e50b,green
#81e50b,green
#7fe306,green
#7ddf07,green
#7ce103,green
#78dc02,green
#74d402,green
#7de303,green
#81e905,green
#81ea03,green
#86ec0c,green
#80e507,green
#7ce103,green
#7adc04,green
#7ee107,green
#82e50c,green
#85e414,green
#8cec18,green
#92f11f,green
#99f628,green
#9ef932,green
#a4fa3c,green
#a9fb44,green
#a0f13f,green
#99e938,green
#8fe02e,green
#8ada29,green
#87db24,green
#80d41d,green
#7fd11d,green
#7aca1c,green
#75c614,green
#73c70f,green
#77d00c,green
#70cb04,green
#76ff03,green
#76ff00,green
#73fa00,green
#70f400,green
#76f806,green
#7bfd0d,green
#82ff19,green
#84ff1b,green
#7af710,green
#7df814,green
#74ef0b,green
#6de704,green
#6fed04,green
#6ae600,green
#66df01,green
#63d700,green
#68de03,green
#6fe50a,green
#72e610,green
#78ee14,green
#7aec1a,green
#7df01b,green
#7ff51b,green
#84fa20,green
#92fc37,green
#96f842,green
#8df933,green
#88f829,green
#88f030,green
#82ea2a,green
#7ce423,green
#76de1b,green
#6fd418,green
#66ce11,green
#5fc708,green
#58be00,green
#5ecd00,green
#5ecb00,green
#61d100,green
#64d602,green
#69dc07,green
#70e20e,green
#75e913,green
#7cee1c,green
#84f423,green
#89fb28,green
#8fff30,green
#88ff23,green
#6eff00,green
#71fc08,green
#70fb07,green
#6cf902,green
#69f400,green
#69ee04,green
#6def0b,green
#70f10e,green
#75f614,green
#78f916,green
#7afb19,green
#7cff19,green
#7efd1f,green
#7bf81d,green
#76f11a,green
#73ee17,green
#6feb12,green
#6de90f,green
#6be70d,green
#66e307,green
#63e203,green
#60e000,green
#5fd903,green
#61d808,green
#50af09,green
#4db003,green
#51b803,green
#55bd07,green
#58bf0b,green
#5cc210,green
#62c616,green
#67ca1d,green
#6ed123,green
#75da29,green
#7de430,green
#87ee39,green
#8ef540,green
#92fb43,green
#8efc3c,green
#89f934,green
#84f52f,green
#81f12c,green
#7ced27,green
#78e922,green
#73e41e,green
#6edf18,green
#69db13,green
#65da0c,green
#50ff00,green
#54ff06,green
#51fc04,green
#4efb01,green
#4ef900,green
#4df600,green
#50f605,green
#54f909,green
#57fb0c,green
#5bff10,green
#5cfe14,green
#5afa12,green
#58f411,green
#56f10e,green
#50ec09,green
#4de905,green
#4be504,green
#49df03,green
#4cdd0a,green
#51de11,green
#56e216,green
#59e31a,green
#5ee61f,green
#5fe922,green
#62dd2a,green
#52ce1a,green
#46c70c,green
#41bd08,green
#3db705,green
#3ebf03,green
#3fc402,green
#3dc202,green
#43c706,green
#48cc0b,green
#4ccf11,green
#53d616,green
#55da1a,green
#5add1e,green
#61e425,green
#65e829,green
#6df032,green
#73f636,green
#76fb39,green
#70fc31,green
#6ffd2e,green
#6bf92b,green
#69f428,green
#66ee27,green
#68e030,green
#6de436,green
#71eb3a,green
#76f23e,green
#7df943,green
#7ffe47,green
#84fc4d,green
#81f54c,green
#7aeb46,green
#73e440,green
#6ad937,green
#64cd34,green
#5ecc2c,green
#58c326,green
#54ba25,green
#4db51f,green
#47b017,green
#43ae11,green
#3ca50c,green
#3aa907,green
#3aab05,green
#3ab005,green
#3bb503,green
#3dbb03,green
#58ff00,green
#5bfd06,green
#5afb05,green
#58fb01,green
#55f501,green
#5af507,green
#5bf70a,green
#60fa0f,green
#63fd13,green
#69ff1a,green
#66fb18,green
#61f514,green
#5ef211,green
#5cf10d,green
#59ee0b,green
#56e807,green
#52e205,green
#50e003,green
#4cdb01,green
#54db0c,green
#57e010,green
#5fe318,green
#63ea1d,green
#69f121,green
#78ef39,green
#70ed2e,green
#70e531,green
#66dd27,green
#61d325,green
#60d821,green
#5bcf1e,green
#55cb16,green
#4bc40c,green
#43c400,green
#48cb03,green
#4ace03,green
#49ca06,green
#50cc0e,green
#52cc13,green
#58d117,green
#5dd41e,green
#64dd25,green
#6be62a,green
#71ef2e,green
#74f72f,green
#73fd28,green
#73fd2b,green
#6df725,green
#3bff00,green
#41fd09,green
#3ffd06,green
#3cf904,green
#3af701,green
#38f400,green
#36ef00,green
#3bf404,green
#43f60d,green
#46f911,green
#4afc13,green
#4bfe15,green
#50ff1b,green
#4cfa18,green
#48f614,green
#42f00e,green
#3eec0a,green
#3ce808,green
#37e603,green
#36df03,green
#32db00,green
#3add09,green
#3ee20d,green
#46e815,green
#49d320,green
#4de020,green
#48e718,green
#4fe322,green
#4ed925,green
#45d41b,green
#3bd70d,green
#3dd010,green
#37cb0a,green
#31d000,green
#34e002,green
#35d804,green
#38d908,green
#3bd30f,green
#43d617,green
#4ee022,green
#59ea2d,green
#60f633,green
#5ffe31,green
#5bfa2c,green
#59f429,green
#53f222,green
#4cf11b,green
#49ec18,green
#5ffc04,green
#5dff00,green
#5bf902,green
#5af402,green
#58f300,green
#58ef02,green
#5df009,green
#62f40e,green
#66f911,green
#69fd13,green
#6dfe1a,green
#6ffe1e,green
#6cf91b,green
#68f517,green
#64f113,green
#5fec0f,green
#5de80c,green
#58e707,green
#56e105,green
#54dd04,green
#52e101,green
#56e009,green
#5ce70e,green
#66ed19,green
#4dd300,green
#50d703,green
#52d406,green
#54d609,green
#55d40e,green
#5cd915,green
#60dc19,green
#60e217,green
#67e420,green
#6de927,green
#73ef2c,green
#77f62f,green
#7bfd32,green
#77fa2d,green
#72f529,green
#6cef23,green
#6aef1e,green
#70f425,green
#74fa27,green
#77fe2a,green
#76ff26,green
#71fe21,green
#6ff91f,green
#6bf41d,green
#4bce01,green
#51d008,green
#55d50d,green
#55ce11,green
#5bd516,green
#61db1c,green
#63d921,green
#69df26,green
#6ee32b,green
#6edf2e,green
#6cdb2d,green
#77e637,green
#74e036,green
#77ec35,green
#7ef13d,green
#81f63e,green
#84fa3f,green
#86fc42,green
#88fd46,green
#86f944,green
#81f43f,green
#7aeb3a,green
#7ae23e,green
#72d937,green
#4db102,green
#51b308,green
#55b70b,green
#58b80f,green
#5cbc14,green
#60be1a,green
#65c31e,green
#6ac823,green
#71cd2b,green
#76d231,green
#7cd836,green
#80dd3a,green
#8ae545,green
#87e243,green
#8feb4a,green
#94ef4f,green
#98f353,green
#9ff95b,green
#a3fd5f,green
#9ff65e,green
#9bee5c,green
#96e65a,green
#8edc54,green
#88d74d,green
#58c120,green
#53be1b,green
#4fba17,green
#4cba12,green
#47b40d,green
#40ad07,green
#3eaa05,green
#3cac01,green
#4aac01,green
#4cac04,green
#4eaa09,green
#50aa0d,green
#53aa12,green
#54a914,green
#55a916,green
#58ab1a,green
#5cae1f,green
#5faf22,green
#64b328,green
#68b82b,green
#6dbd30,green
#70c033,green
#76c63a,green
#7fcf43,green
#5cc724,green
#61c82a,green
#69d231,green
#70d53a,green
#74db3d,green
#79e340,green
#7ce644,green
#7eeb45,green
#81f046,green
#85f54a,green
#89f84e,green
#8afc4e,green
#8dfd52,green
#a1fd52,green
#9ef94f,green
#9af64b,green
#96f444,green
#91f03f,green
#8cee38,green
#89e639,green
#86dc3b,green
#81d837,green
#7cd134,green
#7acb34,green
#7bdb23,green
#76dc18,green
#71d416,green
#6fd116,green
#6bc815,green
#68c512,green
#65c512,green
#5ebe0a,green
#60c30c,green
#5abe05,green
#59be02,green
#59c100,green
#5bc400,green
#5cc503,green
#5ec306,green
#5ec00b,green
#62c010,green
#64c015,green
#66be19,green
#66bb1e,green
#69ba23,green
#69b725,green
#70c02b,green
#74c231,green
#87e530,green
#8cec34,green
#94f33d,green
#9dfc43,green
#97f244,green
#92ea40,green
#8bdf3d,green
#84d737,green
#7fd232,green
#79ca2f,green
#79cd2b,green
#72c327,green
#71c523,green
#6bbb21,green
#67bb19,green
#63b31a,green
#61b414,green
#5db50c,green
#60b710,green
#5db709,green
#59b405,green
#5ab903,green
#59ba00,green
#53ad02,green
#629827,green
#659e28,green
#71af32,green
#71aa35,green
#76b039,green
#7cba3a,green
#84c63f,green
#8cd045,green
#89d03e,green
#86da2d,green
#88d636,green
#8ad43b,green
#80c934,green
#7abf31,green
#7bc52e,green
#7ac729,green
#73bf25,green
#6fb526,green
#6cb61d,green
#67af1a,green
#60a815,green
#5ca70f,green
#59a50a,green
#57a605,green
#07fd5d,turqoise
#07f95c,turqoise
#04f458,turqoise
#16f664,turqoise
#22f56b,turqoise
#0fef5d,turqoise
#0ee55a,turqoise
#09d751,turqoise
#0be456,turqoise
#1af266,turqoise
#05fb5b,turqoise
#12d656,turqoise
#21ea68,turqoise
#33f477,turqoise
#25e568,turqoise
#28f670,turqoise
#18e660,turqoise
#16d75a,turqoise
#0dc54e,turqoise
#08b746,turqoise
#04c749,turqoise
#07d44f,turqoise
#10da57,turqoise
#05dc51,turqoise
#10e059,turqoise
#19e761,turqoise
#16ec60,turqoise
#20e666,turqoise
#29ea6d,turqoise
#2def70,turqoise
#34f978,turqoise
#40f981,turqoise
#3df17c,turqoise
#35e774,turqoise
#2be16b,turqoise
#2ce66d,turqoise
#2ad867,turqoise
#23d261,turqoise
#1bd05b,turqoise
#17ce57,turqoise
#19db5d,turqoise
#10d154,turqoise
#08c94b,turqoise
#06bd46,turqoise
#08b545,turqoise
#04ae40,turqoise
#04be45,turqoise
#02c848,turqoise
#04fb42,turqoise
#04fa41,turqoise
#0cfb48,turqoise
#09f445,turqoise
#06f041,turqoise
#00f13c,turqoise
#04f640,turqoise
#0dfb48,turqoise
#13fb4d,turqoise
#1dfc55,turqoise
#14f64d,turqoise
#15ef4c,turqoise
#11ea48,turqoise
#0be542,turqoise
#0be542,turqoise
#06e33d,turqoise
#07df3d,turqoise
#03e13a,turqoise
#02dc39,turqoise
#02d437,turqoise
#03e33b,turqoise
#05e93f,turqoise
#03ea3d,turqoise
#0cec44,turqoise
#07e53e,turqoise
#03e13a,turqoise
#04dc3a,turqoise
#07e13d,turqoise
#0ce543,turqoise
#14e449,turqoise
#18ec4d,turqoise
#1ff153,turqoise
#28f65b,turqoise
#32f965,turqoise
#3cfa6b,turqoise
#44fb71,turqoise
#3ff16b,turqoise
#38e964,turqoise
#2ee05a,turqoise
#29da55,turqoise
#24db52,turqoise
#1dd44b,turqoise
#1dd14a,turqoise
#1cca48,turqoise
#14c640,turqoise
#0fc73e,turqoise
#0cd03d,turqoise
#04cb37,turqoise
#03ff59,turqoise
#00ff56,turqoise
#00fa54,turqoise
#00f453,turqoise
#06f857,turqoise
#0dfd5f,turqoise
#19ff67,turqoise
#1bff68,turqoise
#10f75e,turqoise
#14f861,turqoise
#0bef58,turqoise
#04e750,turqoise
#04ed52,turqoise
#00e64d,turqoise
#01df4c,turqoise
#00d748,turqoise
#03de4d,turqoise
#0ae554,turqoise
#10e659,turqoise
#14ee5d,turqoise
#1aec61,turqoise
#1bf063,turqoise
#1bf564,turqoise
#20fa69,turqoise
#37fc79,turqoise
#42f87f,turqoise
#33f977,turqoise
#29f86f,turqoise
#30f071,turqoise
#2aea6b,turqoise
#23e464,turqoise
#1bde5c,turqoise
#18d457,turqoise
#11ce53,turqoise
#08c749,turqoise
#00be3f,turqoise
#00cd46,turqoise
#00cb44,turqoise
#00d145,turqoise
#02d649,turqoise
#07dc4f,turqoise
#0ee255,turqoise
#13e95c,turqoise
#1cee63,turqoise
#23f468,turqoise
#28fb6f,turqoise
#30ff76,turqoise
#23ff6d,turqoise
#00ff5e,turqoise
#08fc62,turqoise
#07fb61,turqoise
#02f95d,turqoise
#00f45a,turqoise
#04ee5a,turqoise
#0bef5f,turqoise
#0ef161,turqoise
#14f667,turqoise
#16f969,turqoise
#19fb6c,turqoise
#19ff6d,turqoise
#1ffd71,turqoise
#1df86d,turqoise
#1af169,turqoise
#17ee66,turqoise
#12eb62,turqoise
#0fe95f,turqoise
#0de75d,turqoise
#07e358,turqoise
#03e255,turqoise
#00e052,turqoise
#03d952,turqoise
#08d854,turqoise
#09af46,turqoise
#03b043,turqoise
#03b845,turqoise
#07bd4a,turqoise
#0bbf4d,turqoise
#10c251,turqoise
#16c657,turqoise
#1dca5d,turqoise
#23d163,turqoise
#29da6a,turqoise
#30e472,turqoise
#39ee7b,turqoise
#40f582,turqoise
#43fb87,turqoise
#3cfc82,turqoise
#34f97c,turqoise
#2ff578,turqoise
#2cf174,turqoise
#27ed70,turqoise
#22e96b,turqoise
#1ee467,turqoise
#18df61,turqoise
#13db5c,turqoise
#0cda58,turqoise
#00ff7c,turqoise
#06ff7f,turqoise
#04fc7c,turqoise
#01fb7b,turqoise
#00f979,turqoise
#00f677,turqoise
#05f67a,turqoise
#09f97d,turqoise
#0cfb80,turqoise
#10ff84,turqoise
#14fe86,turqoise
#12fa83,turqoise
#11f47f,turqoise
#0ef17b,turqoise
#09ec77,turqoise
#05e973,turqoise
#04e570,turqoise
#03df6d,turqoise
#0add70,turqoise
#11de74,turqoise
#16e279,turqoise
#1ae37b,turqoise
#1fe67f,turqoise
#22e983,turqoise
#2add81,turqoise
#1ace71,turqoise
#0cc767,turqoise
#08bd60,turqoise
#05b75b,turqoise
#03bf5e,turqoise
#02c460,turqoise
#02c260,turqoise
#06c763,turqoise
#0bcc68,turqoise
#11cf6d,turqoise
#16d672,turqoise
#1ada78,turqoise
#1edd7a,turqoise
#25e481,turqoise
#29e885,turqoise
#32f08e,turqoise
#36f692,turqoise
#39fb96,turqoise
#31fc93,turqoise
#2efd92,turqoise
#2bf98f,turqoise
#28f48a,turqoise
#27ee87,turqoise
#30e085,turqoise
#36e48a,turqoise
#3aeb90,turqoise
#3ef295,turqoise
#43f99a,turqoise
#47fea0,turqoise
#4dfca1,turqoise
#4cf59e,turqoise
#46eb95,turqoise
#40e48f,turqoise
#37d985,turqoise
#34cd7e,turqoise
#2ccc79,turqoise
#26c371,turqoise
#25ba6d,turqoise
#1fb568,turqoise
#17b061,turqoise
#11ae5c,turqoise
#0ca556,turqoise
#07a955,turqoise
#05ab55,turqoise
#05b058,turqoise
#03b559,turqoise
#03bb5b,turqoise
#00ff74,turqoise
#06fd76,turqoise
#05fb74,turqoise
#01fb71,turqoise
#01f570,turqoise
#07f572,turqoise
#0af775,turqoise
#0ffa79,turqoise
#13fd7d,turqoise
#1aff82,turqoise
#18fb7f,turqoise
#14f57a,turqoise
#11f277,turqoise
#0df173,turqoise
#0bee72,turqoise
#07e86b,turqoise
#05e268,turqoise
#03e066,turqoise
#01db64,turqoise
#0cdb69,turqoise
#10e06e,turqoise
#18e373,turqoise
#1dea7a,turqoise
#21f17e,turqoise
#39ef8b,turqoise
#2eed84,turqoise
#31e582,turqoise
#27dd79,turqoise
#25d374,turqoise
#21d874,turqoise
#1ecf6e,turqoise
#16cb67,turqoise
#0cc45f,turqoise
#00c459,turqoise
#03cb5e,turqoise
#03ce5e,turqoise
#06ca5f,turqoise
#0ecc63,turqoise
#13cc68,turqoise
#17d16b,turqoise
#1ed470,turqoise
#25dd78,turqoise
#2ae67f,turqoise
#2eef85,turqoise
#2ff78a,turqoise
#28fd87,turqoise
#2bfd8a,turqoise
#25f784,turqoise
#00ff90,turqoise
#09fd93,turqoise
#06fd92,turqoise
#04f990,turqoise
#01f78c,turqoise
#00f48a,turqoise
#00ef88,turqoise
#04f48c,turqoise
#0df691,turqoise
#11f994,turqoise
#13fc96,turqoise
#15fe99,turqoise
#1bff9b,turqoise
#18fa98,turqoise
#14f694,turqoise
#0ef08e,turqoise
#0aec8a,turqoise
#08e887,turqoise
#03e684,turqoise
#03df80,turqoise
#00db7c,turqoise
#09dd81,turqoise
#0de286,turqoise
#15e88d,turqoise
#20d385,turqoise
#20e08c,turqoise
#18e78d,turqoise
#22e38f,turqoise
#25d98b,turqoise
#1bd485,turqoise
#0dd780,turqoise
#10d07c,turqoise
#0acb77,turqoise
#00d075,turqoise
#02e081,turqoise
#04d87c,turqoise
#08d97e,turqoise
#0fd37f,turqoise
#17d683,turqoise
#22e08e,turqoise
#2dea98,turqoise
#33f6a1,turqoise
#31fea6,turqoise
#2cfaa1,turqoise
#29f49b,turqoise
#22f297,turqoise
#1bf194,turqoise
#18ec90,turqoise
#04fc6f,turqoise
#00ff6f,turqoise
#02f96e,turqoise
#02f46b,turqoise
#00f369,turqoise
#02ef69,turqoise
#09f06d,turqoise
#0ef472,turqoise
#11f975,turqoise
#13fd78,turqoise
#1afe7d,turqoise
#1efe7f,turqoise
#1bf97b,turqoise
#17f577,turqoise
#13f173,turqoise
#0fec6f,turqoise
#0ce86b,turqoise
#07e768,turqoise
#05e164,turqoise
#04dd61,turqoise
#01e162,turqoise
#09e067,turqoise
#0ee76d,turqoise
#19ed75,turqoise
#00d35b,turqoise
#03d75f,turqoise
#06d45f,turqoise
#09d661,turqoise
#0ed465,turqoise
#15d96a,turqoise
#19dc6e,turqoise
#17e270,turqoise
#20e475,turqoise
#27e97b,turqoise
#2cef81,turqoise
#2ff685,turqoise
#32fd8b,turqoise
#2dfa86,turqoise
#29f582,turqoise
#23ef7c,turqoise
#1eef79,turqoise
#25f47f,turqoise
#27fa82,turqoise
#2afe86,turqoise
#26ff83,turqoise
#21fe81,turqoise
#1ff97d,turqoise
#1df47a,turqoise
#01ce5a,turqoise
#08d05f,turqoise
#0dd564,turqoise
#11ce64,turqoise
#16d569,turqoise
#1cdb6f,turqoise
#21d971,turqoise
#26df76,turqoise
#2be37b,turqoise
#2edf7b,turqoise
#2ddb79,turqoise
#37e683,turqoise
#36e080,turqoise
#35ec84,turqoise
#3df18b,turqoise
#3ef68e,turqoise
#3ffa8f,turqoise
#42fc92,turqoise
#46fd95,turqoise
#44f992,turqoise
#3ff48d,turqoise
#3aeb87,turqoise
#3ee285,turqoise
#37d97d,turqoise
#02b142,turqoise
#08b347,turqoise
#0bb74a,turqoise
#0fb84d,turqoise
#14bc52,turqoise
#1abe56,turqoise
#1ec35b,turqoise
#23c860,turqoise
#2bcd66,turqoise
#31d26c,turqoise
#36d871,turqoise
#3add76,turqoise
#45e580,turqoise
#43e27d,turqoise
#4aeb85,turqoise
#4fef8a,turqoise
#53f38e,turqoise
#5bf995,turqoise
#5ffd99,turqoise
#5ef696,turqoise
#5cee92,turqoise
#5ae68d,turqoise
#54dc86,turqoise
#4dd780,turqoise
#20c168,turqoise
#1bbe65,turqoise
#17ba61,turqoise
#12ba5d,turqoise
#0db458,turqoise
#07ad52,turqoise
#05aa50,turqoise
#01ac4e,turqoise
#01ac40,turqoise
#04ac42,turqoise
#09aa44,turqoise
#0daa47,turqoise
#12aa4a,turqoise
#14a94b,turqoise
#16a94c,turqoise
#1aab4f,turqoise
#1fae54,turqoise
#22af56,turqoise
#28b35b,turqoise
#2bb85f,turqoise
#30bd64,turqoise
#33c067,turqoise
#3ac66d,turqoise
#43cf76,turqoise
#24c76e,turqoise
#2ac871,turqoise
#31d279,turqoise
#3ad580,turqoise
#3ddb84,turqoise
#40e389,turqoise
#44e68d,turqoise
#45eb90,turqoise
#46f092,turqoise
#4af597,turqoise
#4ef89a,turqoise
#4efc9d,turqoise
#52fd9f,turqoise
#52fd8b,turqoise
#4ff987,turqoise
#4bf684,turqoise
#44f47e,turqoise
#3ff07a,turqoise
#38ee75,turqoise
#39e672,turqoise
#3bdc70,turqoise
#37d86d,turqoise
#34d169,turqoise
#34cb67,turqoise
#23db5e,turqoise
#18dc56,turqoise
#16d453,turqoise
#16d152,turqoise
#15c84e,turqoise
#12c54b,turqoise
#12c54d,turqoise
#0abe46,turqoise
#0cc349,turqoise
#05be43,turqoise
#02be41,turqoise
#00c141,turqoise
#00c441,turqoise
#03c544,turqoise
#06c345,turqoise
#0bc048,turqoise
#10c04a,turqoise
#15c04e,turqoise
#19be50,turqoise
#1ebb53,turqoise
#23ba56,turqoise
#25b755,turqoise
#2bc05c,turqoise
#31c261,turqoise
#30e569,turqoise
#34ec6f,turqoise
#3df377,turqoise
#43fc7d,turqoise
#44f27c,turqoise
#40ea75,turqoise
#3ddf70,turqoise
#37d76a,turqoise
#32d265,turqoise
#2fca60,turqoise
#2bcd5e,turqoise
#27c358,turqoise
#23c556,turqoise
#21bb52,turqoise
#19bb4c,turqoise
#1ab34b,turqoise
#14b447,turqoise
#0cb542,turqoise
#10b745,turqoise
#09b740,turqoise
#05b43c,turqoise
#03b93d,turqoise
#00ba3c,turqoise
#02ad39,turqoise
#279846,turqoise
#289e49,turqoise
#32af56,turqoise
#35aa56,turqoise
#39b05b,turqoise
#3aba5e,turqoise
#3fc665,turqoise
#45d06d,turqoise
#3ed068,turqoise
#2dda5e,turqoise
#36d663,turqoise
#3bd466,turqoise
#34c95e,turqoise
#31bf59,turqoise
#2ec55a,turqoise
#29c756,turqoise
#25bf52,turqoise
#26b54f,turqoise
#1db648,turqoise
#1aaf44,turqoise
#15a83f,turqoise
#0fa73b,turqoise
#0aa536,turqoise
#05a633,turqoise
#07fde8,cyan
#07f9e4,cyan
#04f4df,cyan
#16f6e2,cyan
#22f5e2,cyan
#0fefdb,cyan
#0ee5d3,cyan
#09d7c5,cyan
#0be4d1,cyan
#1af2df,cyan
#05fbe6,cyan
#12d6c4,cyan
#21ead9,cyan
#33f4e3,cyan
#25e5d4,cyan
#28f6e4,cyan
#18e6d4,cyan
#16d7c6,cyan
#0dc5b5,cyan
#08b7a8,cyan
#04c7b6,cyan
#07d4c2,cyan
#10dac9,cyan
#05dcca,cyan
#10e0ce,cyan
#19e7d5,cyan
#16ecd9,cyan
#20e6d5,cyan
#29ead9,cyan
#2defde,cyan
#34f9e7,cyan
#40f9e9,cyan
#3df1e2,cyan
#35e7d8,cyan
#2be1d1,cyan
#2ce6d6,cyan
#2ad8c9,cyan
#23d2c3,cyan
#1bd0c0,cyan
#17cebe,cyan
#19dbca,cyan
#10d1c0,cyan
#08c9b8,cyan
#06bdad,cyan
#08b5a6,cyan
#04aea0,cyan
#04beae,cyan
#02c8b7,cyan
#04fbcd,cyan
#04facc,cyan
#0cfbce,cyan
#09f4c9,cyan
#06f0c5,cyan
#00f1c4,cyan
#04f6c9,cyan
#0dfbce,cyan
#13fbcf,cyan
#1dfcd2,cyan
#14f6cd,cyan
#15efc7,cyan
#11eac2,cyan
#0be5bd,cyan
#0be5bd,cyan
#06e3ba,cyan
#07dfb6,cyan
#03e1b7,cyan
#02dcb4,cyan
#02d4ad,cyan
#03e3b9,cyan
#05e9bf,cyan
#03eabf,cyan
#0cecc2,cyan
#07e5bb,cyan
#03e1b7,cyan
#04dcb3,cyan
#07e1b8,cyan
#0ce5bd,cyan
#14e4be,cyan
#18ecc4,cyan
#1ff1ca,cyan
#28f6cf,cyan
#32f9d4,cyan
#3cfad6,cyan
#44fbd8,cyan
#3ff1d0,cyan
#38e9c8,cyan
#2ee0bf,cyan
#29dab9,cyan
#24dbb9,cyan
#1dd4b2,cyan
#1dd1af,cyan
#1ccaaa,cyan
#14c6a5,cyan
#0fc7a5,cyan
#0cd0ab,cyan
#04cba6,cyan
#03ffe6,cyan
#00ffe5,cyan
#00fae1,cyan
#00f4dc,cyan
#06f8df,cyan
#0dfde6,cyan
#19ffe9,cyan
#1bffe8,cyan
#10f7e0,cyan
#14f8e1,cyan
#0befd8,cyan
#04e7d0,cyan
#04edd5,cyan
#00e6cf,cyan
#01dfc9,cyan
#00d7c1,cyan
#03dec8,cyan
#0ae5cf,cyan
#10e6d1,cyan
#14eed8,cyan
#1aecd7,cyan
#1bf0da,cyan
#1bf5df,cyan
#20fae4,cyan
#37fce8,cyan
#42f8e6,cyan
#33f9e6,cyan
#29f8e4,cyan
#30f0dd,cyan
#2aead7,cyan
#23e4d0,cyan
#1bdec9,cyan
#18d4c1,cyan
#11cebd,cyan
#08c7b4,cyan
#00beaa,cyan
#00cdb9,cyan
#00cbb6,cyan
#00d1bb,cyan
#02d6c0,cyan
#07dcc6,cyan
#0ee2cc,cyan
#13e9d4,cyan
#1ceed9,cyan
#23f4de,cyan
#28fbe6,cyan
#30ffeb,cyan
#23ffe9,cyan
#00ffed,cyan
#08fceb,cyan
#07fbea,cyan
#02f9e8,cyan
#00f4e3,cyan
#04eede,cyan
#0befdf,cyan
#0ef1e1,cyan
#14f6e6,cyan
#16f9e9,cyan
#19fbeb,cyan
#19ffef,cyan
#1ffded,cyan
#1df8e9,cyan
#1af1e2,cyan
#17eedf,cyan
#12ebdc,cyan
#0fe9da,cyan
#0de7d8,cyan
#07e3d4,cyan
#03e2d2,cyan
#00e0d0,cyan
#03d9ca,cyan
#08d8c9,cyan
#09afa3,cyan
#03b0a4,cyan
#03b8ab,cyan
#07bdb0,cyan
#0bbfb2,cyan
#10c2b5,cyan
#16c6ba,cyan
#1dcabe,cyan
#23d1c5,cyan
#29dace,cyan
#30e4d7,cyan
#39eee1,cyan
#40f5e8,cyan
#43fbee,cyan
#3cfcee,cyan
#34f9eb,cyan
#2ff5e7,cyan
#2cf1e3,cyan
#27eddf,cyan
#22e9db,cyan
#1ee4d6,cyan
#18dfd1,cyan
#13dbcd,cyan
#0cdacc,cyan
#00f1ff,cyan
#06f1ff,cyan
#04eefc,cyan
#01ecfb,cyan
#00ebf9,cyan
#00e9f6,cyan
#05e9f6,cyan
#09ecf9,cyan
#0ceefb,cyan
#10f2ff,cyan
#14f0fe,cyan
#12ecfa,cyan
#11e8f4,cyan
#0ee5f1,cyan
#09e0ec,cyan
#05dde9,cyan
#04dae5,cyan
#03d4df,cyan
#0ad1dd,cyan
#11d3de,cyan
#16d7e2,cyan
#1ad8e3,cyan
#1fdce6,cyan
#22dde9,cyan
#2ad3dd,cyan
#1ac4ce,cyan
#0cbdc7,cyan
#08b3bd,cyan
#05adb7,cyan
#03b5bf,cyan
#02b9c4,cyan
#02b7c2,cyan
#06bdc7,cyan
#0bc2cc,cyan
#11c5cf,cyan
#16ccd6,cyan
#1acfda,cyan
#1ed3dd,cyan
#25dae4,cyan
#29dee8,cyan
#32e6f0,cyan
#36ecf6,cyan
#39f1fb,cyan
#31f1fc,cyan
#2ef2fd,cyan
#2beef9,cyan
#28eaf4,cyan
#27e4ee,cyan
#30d7e0,cyan
#36dbe4,cyan
#3ae1eb,cyan
#3ee8f2,cyan
#43f0f9,cyan
#47f3fe,cyan
#4df3fc,cyan
#4cecf5,cyan
#46e3eb,cyan
#40dbe4,cyan
#37d0d9,cyan
#34c5cd,cyan
#2cc3cc,cyan
#26bbc3,cyan
#25b2ba,cyan
#1facb5,cyan
#17a8b0,cyan
#11a6ae,cyan
#0c9da5,cyan
#07a0a9,cyan
#05a3ab,cyan
#05a7b0,cyan
#03abb5,cyan
#03b2bb,cyan
#00f9ff,cyan
#06f7fd,cyan
#05f5fb,cyan
#01f6fb,cyan
#01eff5,cyan
#07f0f5,cyan
#0af1f7,cyan
#0ff4fa,cyan
#13f8fd,cyan
#1afaff,cyan
#18f6fb,cyan
#14f0f5,cyan
#11edf2,cyan
#0dedf1,cyan
#0be9ee,cyan
#07e4e8,cyan
#05dee2,cyan
#03dce0,cyan
#01d6db,cyan
#0cd7db,cyan
#10dbe0,cyan
#18dfe3,cyan
#1de5ea,cyan
#21edf1,cyan
#39ebef,cyan
#2ee9ed,cyan
#31e1e5,cyan
#27d9dd,cyan
#25cfd3,cyan
#21d4d8,cyan
#1ecbcf,cyan
#16c7cb,cyan
#0cc0c4,cyan
#00bfc4,cyan
#03c6cb,cyan
#03cace,cyan
#06c5ca,cyan
#0ec8cc,cyan
#13c7cc,cyan
#17cdd1,cyan
#1ed0d4,cyan
#25d9dd,cyan
#2ae2e6,cyan
#2eebef,cyan
#2ff2f7,cyan
#28fafd,cyan
#2bf8fd,cyan
#25f2f7,cyan
#00dcff,cyan
#09dcfd,cyan
#06dbfd,cyan
#04d7f9,cyan
#01d5f7,cyan
#00d3f4,cyan
#00cdef,cyan
#04d3f4,cyan
#0dd6f6,cyan
#11d9f9,cyan
#13ddfc,cyan
#15defe,cyan
#1be1ff,cyan
#18dbfa,cyan
#14d7f6,cyan
#0ed1f0,cyan
#0acdec,cyan
#08c9e8,cyan
#03c7e6,cyan
#03c1df,cyan
#00bddb,cyan
#09c0dd,cyan
#0dc5e2,cyan
#15cbe8,cyan
#20bbd3,cyan
#20c6e0,cyan
#18cbe7,cyan
#22c9e3,cyan
#25c0d9,cyan
#1bbad4,cyan
#0dbbd7,cyan
#10b6d0,cyan
#0ab1cb,cyan
#00b4d0,cyan
#02c1e0,cyan
#04bbd8,cyan
#08bcd9,cyan
#0fb7d3,cyan
#17bcd6,cyan
#22c6e0,cyan
#2dd0ea,cyan
#33dbf6,cyan
#31e1fe,cyan
#2cdefa,cyan
#29d9f4,cyan
#22d6f2,cyan
#1bd4f1,cyan
#18cfec,cyan
#04fcfa,cyan
#00feff,cyan
#02f7f9,cyan
#02f3f4,cyan
#00f2f3,cyan
#02eeef,cyan
#09eff0,cyan
#0ef3f4,cyan
#11f9f7,cyan
#13fdfb,cyan
#1afdfe,cyan
#1efdfe,cyan
#1bf8f9,cyan
#17f4f5,cyan
#13f0f1,cyan
#0febec,cyan
#0ce8e6,cyan
#07e6e7,cyan
#05e1df,cyan
#04dddb,cyan
#01e0e1,cyan
#09dee0,cyan
#0ee5e7,cyan
#19eced,cyan
#00d2d3,cyan
#03d6d7,cyan
#06d4d2,cyan
#09d6d4,cyan
#0ed2d4,cyan
#15d8d9,cyan
#19dbdc,cyan
#17e0e2,cyan
#20e3e4,cyan
#27e8e9,cyan
#2ceeef,cyan
#2ff5f6,cyan
#32fbfd,cyan
#2df9fa,cyan
#29f3f5,cyan
#23edef,cyan
#1eeeef,cyan
#25f3f4,cyan
#27f9fa,cyan
#2afdfe,cyan
#26fffd,cyan
#21fdfe,cyan
#1ff9f7,cyan
#1df3f4,cyan
#01cdce,cyan
#08cfd0,cyan
#0dd3d5,cyan
#11cdce,cyan
#16d4d5,cyan
#1cdadb,cyan
#21d8d9,cyan
#26dedf,cyan
#2be2e3,cyan
#2ededf,cyan
#2ddadb,cyan
#37e5e6,cyan
#36dfe0,cyan
#35ebec,cyan
#3df0f1,cyan
#3ef5f6,cyan
#3ffaf9,cyan
#42fcfb,cyan
#46fcfd,cyan
#44f8f9,cyan
#3ff3f4,cyan
#3aeaeb,cyan
#3ee1e2,cyan
#37d8d9,cyan
#02b1a5,cyan
#08b3a7,cyan
#0bb7ab,cyan
#0fb8ac,cyan
#14bcb0,cyan
#1abeb2,cyan
#1ec3b7,cyan
#23c8bc,cyan
#2bcdc2,cyan
#31d2c7,cyan
#36d8cd,cyan
#3addd2,cyan
#45e5da,cyan
#43e2d7,cyan
#4aebe0,cyan
#4fefe4,cyan
#53f3e8,cyan
#5bf9ee,cyan
#5ffdf2,cyan
#5ef6eb,cyan
#5ceee4,cyan
#5ae6dc,cyan
#54dcd2,cyan
#4dd7cd,cyan
#20bec1,cyan
#1bbabe,cyan
#17b6ba,cyan
#12b7ba,cyan
#0db1b4,cyan
#07a9ad,cyan
#05a6aa,cyan
#01a9ac,cyan
#01aca0,cyan
#04aca0,cyan
#09aa9f,cyan
#0daa9f,cyan
#12aa9f,cyan
#14a99f,cyan
#16a99f,cyan
#1aaba1,cyan
#1faea4,cyan
#22afa5,cyan
#28b3a9,cyan
#2bb8ae,cyan
#30bdb3,cyan
#33c0b6,cyan
#3ac6bc,cyan
#43cfc5,cyan
#24c3c7,cyan
#2ac5c8,cyan
#31cfd2,cyan
#3ad2d5,cyan
#3dd8db,cyan
#40e0e3,cyan
#44e2e6,cyan
#45e7eb,cyan
#46edf0,cyan
#4af2f5,cyan
#4ef5f8,cyan
#4ef8fc,cyan
#52fafd,cyan
#52fdeb,cyan
#4ff9e7,cyan
#4bf6e4,cyan
#44f4e1,cyan
#3ff0dd,cyan
#38eedc,cyan
#39e6d4,cyan
#3bdcca,cyan
#37d8c8,cyan
#34d1c1,cyan
#34cbbc,cyan
#23dbc5,cyan
#18dcc4,cyan
#16d4be,cyan
#16d1bb,cyan
#15c8b2,cyan
#12c5af,cyan
#12c5b2,cyan
#0abeab,cyan
#0cc3b0,cyan
#05beab,cyan
#02beab,cyan
#00c1ad,cyan
#00c4af,cyan
#03c5b1,cyan
#06c3af,cyan
#0bc0ae,cyan
#10c0ad,cyan
#15c0ae,cyan
#19bead,cyan
#1ebbab,cyan
#23baab,cyan
#25b7a8,cyan
#2bc0b0,cyan
#31c2b3,cyan
#30e5cf,cyan
#34ecd6,cyan
#3df3dd,cyan
#43fce5,cyan
#44f2de,cyan
#40ead5,cyan
#3ddfcb,cyan
#37d7c4,cyan
#32d2bf,cyan
#2fcab7,cyan
#2bcdb9,cyan
#27c3b0,cyan
#23c5b1,cyan
#21bba8,cyan
#19bba7,cyan
#1ab3a1,cyan
#14b4a1,cyan
#0cb5a1,cyan
#10b7a3,cyan
#09b7a2,cyan
#05b49f,cyan
#03b9a3,cyan
#00baa4,cyan
#02ad99,cyan
#279886,cyan
#289e8c,cyan
#32af9c,cyan
#35aa98,cyan
#39b09e,cyan
#3abaa6,cyan
#3fc6b1,cyan
#45d0bb,cyan
#3ed0ba,cyan
#2ddabf,cyan
#36d6bd,cyan
#3bd4bc,cyan
#34c9b2,cyan
#31bfa9,cyan
#2ec5af,cyan
#29c7af,cyan
#25bfa8,cyan
#26b59f,cyan
#1db69e,cyan
#1aaf98,cyan
#15a892,cyan
#0fa790,cyan
#0aa58d,cyan
#05a68d,cyan
#0754fd,blue
#0753f9,blue
#044ff4,blue
#165df6,blue
#2265f5,blue
#0f56ef,blue
#0e51e5,blue
#0949d7,blue
#0b50e4,blue
#1a5df2,blue
#0552fb,blue
#1250d6,blue
#2160ea,blue
#336ff4,blue
#2561e5,blue
#2868f6,blue
#1858e6,blue
#1652d7,blue
#0d46c5,blue
#083fb7,blue
#0441c7,blue
#0747d4,blue
#104fda,blue
#0548dc,blue
#1051e0,blue
#1959e7,blue
#165aec,blue
#205ee6,blue
#2965ea,blue
#2d6aef,blue
#3472f9,blue
#407af9,blue
#3d75f1,blue
#356de7,blue
#2b64e1,blue
#2c66e6,blue
#2a60d8,blue
#235ad2,blue
#1b54d0,blue
#1750ce,blue
#1956db,blue
#104cd1,blue
#0845c9,blue
#063fbd,blue
#083eb5,blue
#0438ae,blue
#043ebe,blue
#0240c8,blue
#046afb,blue
#046afa,blue
#0c6ffb,blue
#0969f4,blue
#0666f0,blue
#0064f1,blue
#0468f6,blue
#0d70fb,blue
#1373fb,blue
#1d79fc,blue
#1471f6,blue
#156eef,blue
#116aea,blue
#0b64e5,blue
#0b64e5,blue
#0662e3,blue
#0760df,blue
#035fe1,blue
#025bdc,blue
#0258d4,blue
#0360e3,blue
#0563e9,blue
#0363ea,blue
#0c69ec,blue
#0763e5,blue
#035fe1,blue
#045ddc,blue
#0761e1,blue
#0c65e5,blue
#1469e4,blue
#1870ec,blue
#1f76f1,blue
#287df6,blue
#3284f9,blue
#3c8bfa,blue
#4490fb,blue
#3f89f1,blue
#3881e9,blue
#2e78e0,blue
#2972da,blue
#246fdb,blue
#1d68d4,blue
#1d68d1,blue
#1c63ca,blue
#145ec6,blue
#0f5ac7,blue
#0c5dd0,blue
#0456cb,blue
#0355ff,blue
#0054ff,blue
#0052fa,blue
#004ff4,blue
#0655f8,blue
#0d5bfd,blue
#1964ff,blue
#1b66ff,blue
#105cf7,blue
#145ff8,blue
#0b56ef,blue
#044ee7,blue
#0450ed,blue
#004be6,blue
#0149df,blue
#0047d7,blue
#034bde,blue
#0a52e5,blue
#1055e6,blue
#145cee,blue
#1a5eec,blue
#1b61f0,blue
#1b63f5,blue
#2068fa,blue
#3778fc,blue
#427ef8,blue
#3372f9,blue
#296cf8,blue
#306ef0,blue
#2a68ea,blue
#2362e4,blue
#1b5cde,blue
#1856d4,blue
#114dce,blue
#0846c7,blue
#003fbe,blue
#0042cd,blue
#0043cb,blue
#0045d1,blue
#0248d6,blue
#074ddc,blue
#0e54e2,blue
#1358e9,blue
#1c60ee,blue
#2368f4,blue
#286dfb,blue
#3073ff,blue
#236bff,blue
#004cff,blue
#0850fc,blue
#074ffb,blue
#024bf9,blue
#0048f4,blue
#0449ee,blue
#0b4fef,blue
#0e51f1,blue
#1457f6,blue
#1659f9,blue
#195cfb,blue
#195dff,blue
#1f61fd,blue
#1d5ef8,blue
#1a5af1,blue
#1757ee,blue
#1252eb,blue
#0f50e9,blue
#0d4ee7,blue
#0748e3,blue
#0345e2,blue
#0042e0,blue
#0343d9,blue
#0846d8,blue
#093aaf,blue
#0336b0,blue
#0339b8,blue
#073dbd,blue
#0b40bf,blue
#1045c2,blue
#164ac6,blue
#1d50ca,blue
#2357d1,blue
#295eda,blue
#3065e4,blue
#396fee,blue
#4076f5,blue
#437afb,blue
#3c75fc,blue
#346ef9,blue
#2f6af5,blue
#2c66f1,blue
#2762ed,blue
#225de9,blue
#1e59e4,blue
#1853df,blue
#134edb,blue
#0c49da,blue
#002eff,blue
#0633ff,blue
#0431fc,blue
#012dfb,blue
#002df9,blue
#002cf6,blue
#0530f6,blue
#0934f9,blue
#0c37fb,blue
#103bff,blue
#143dfe,blue
#123bfa,blue
#113af4,blue
#0e38f1,blue
#0932ec,blue
#052fe9,blue
#042de5,blue
#032bdf,blue
#0a30dd,blue
#1136de,blue
#163be2,blue
#1a3ee3,blue
#1f44e6,blue
#2245e9,blue
#2a4add,blue
#1a3ace,blue
#0c2ec7,blue
#0829bd,blue
#0525b7,blue
#0325bf,blue
#0225c4,blue
#0224c2,blue
#0629c7,blue
#0b2ecc,blue
#1133cf,blue
#1639d6,blue
#1a3cda,blue
#1e41dd,blue
#2548e4,blue
#294ce8,blue
#3254f0,blue
#3659f6,blue
#395dfb,blue
#3155fc,blue
#2e53fd,blue
#2b50f9,blue
#284df4,blue
#274cee,blue
#3050e0,blue
#3656e4,blue
#3a5aeb,blue
#3e5ef2,blue
#4364f9,blue
#4767fe,blue
#4d6dfc,blue
#4c6af5,blue
#4664eb,blue
#405de4,blue
#3754d9,blue
#344fcd,blue
#2c49cc,blue
#2643c3,blue
#2540ba,blue
#1f39b5,blue
#1732b0,blue
#112eae,blue
#0c27a5,blue
#0724a9,blue
#0523ab,blue
#0524b0,blue
#0323b5,blue
#0325bb,blue
#0036ff,blue
#063afd,blue
#0539fb,blue
#0137fb,blue
#0134f5,blue
#073af5,blue
#0a3cf7,blue
#0f41fa,blue
#1344fd,blue
#1a4aff,blue
#1848fb,blue
#1443f5,blue
#1140f2,blue
#0d3ef1,blue
#0b3bee,blue
#0738e8,blue
#0534e2,blue
#0332e0,blue
#012fdb,blue
#0c38db,blue
#103ce0,blue
#1844e3,blue
#1d48ea,blue
#214ef1,blue
#3960ef,blue
#2e57ed,blue
#3158e5,blue
#274edd,blue
#254ad3,blue
#2148d8,blue
#1e43cf,blue
#163dcb,blue
#0c33c4,blue
#0029c4,blue
#032dcb,blue
#032fce,blue
#062fca,blue
#0e37cc,blue
#1339cc,blue
#173fd1,blue
#1e44d4,blue
#254cdd,blue
#2a52e6,blue
#2e57ef,blue
#2f59f7,blue
#2857fd,blue
#2b57fd,blue
#2551f7,blue
#0019ff,blue
#0921fd,blue
#061efd,blue
#041bf9,blue
#0119f7,blue
#0018f4,blue
#0016ef,blue
#041bf4,blue
#0d24f6,blue
#1128f9,blue
#132bfc,blue
#152cfe,blue
#1b32ff,blue
#182efa,blue
#142af6,blue
#0e24f0,blue
#0a20ec,blue
#081ee8,blue
#0319e6,blue
#0318df,blue
#0015db,blue
#091edd,blue
#0d22e2,blue
#152ae8,blue
#2031d3,blue
#2033e0,blue
#182ce7,blue
#2236e3,blue
#2537d9,blue
#1b2cd4,blue
#0d20d7,blue
#1023d0,blue
#0a1ecb,blue
#0015d0,blue
#0217e0,blue
#0419d8,blue
#081cd9,blue
#0f21d3,blue
#172ad6,blue
#2235e0,blue
#2d3fea,blue
#3346f6,blue
#3144fe,blue
#2c40fa,blue
#293ef4,blue
#2237f2,blue
#1b30f1,blue
#182dec,blue
#043efc,blue
#003bff,blue
#023af9,blue
#023af4,blue
#0038f3,blue
#0239ef,blue
#093ef0,blue
#0e43f4,blue
#1147f9,blue
#134afd,blue
#1a4ffe,blue
#1e52fe,blue
#1b4ef9,blue
#174af5,blue
#1346f1,blue
#0f42ec,blue
#0c40e8,blue
#073be7,blue
#0539e1,blue
#0437dd,blue
#0135e1,blue
#093ae0,blue
#0e3fe7,blue
#194aed,blue
#0031d3,blue
#0334d7,blue
#0636d4,blue
#0939d6,blue
#0e3bd4,blue
#1542d9,blue
#1946dc,blue
#1745e2,blue
#204de4,blue
#2754e9,blue
#2c59ef,blue
#2f5df6,blue
#3260fd,blue
#2d5cfa,blue
#2957f5,blue
#2351ef,blue
#1e4eef,blue
#2555f4,blue
#2758fa,blue
#2a5bfe,blue
#2659ff,blue
#2154fe,blue
#1f52f9,blue
#1d4ff4,blue
#0130ce,blue
#0836d0,blue
#0d3ad5,blue
#113cce,blue
#1642d5,blue
#1c48db,blue
#214bd9,blue
#2651df,blue
#2b55e3,blue
#2e57df,blue
#2d54db,blue
#375fe6,blue
#365de0,blue
#355fec,blue
#3d66f1,blue
#3e68f6,blue
#3f6bfa,blue
#426efc,blue
#4670fd,blue
#446ef9,blue
#3f69f4,blue
#3a63eb,blue
#3e64e2,blue
#375cd9,blue
#0236b1,blue
#083bb3,blue
#0b3eb7,blue
#0f41b8,blue
#1446bc,blue
#1a4bbe,blue
#1e4fc3,blue
#2354c8,blue
#2b5bcd,blue
#3161d2,blue
#3666d8,blue
#3a6add,blue
#4574e5,blue
#4372e2,blue
#4a7aeb,blue
#4f7eef,blue
#5382f3,blue
#5b8af9,blue
#5f8efd,blue
#5e8bf6,blue
#5c87ee,blue
#5a84e6,blue
#547cdc,blue
#4d76d7,blue
#2043c1,blue
#1b3dbe,blue
#1739ba,blue
#1236ba,blue
#0d31b4,blue
#072aad,blue
#0528aa,blue
#0126ac,blue
#0134ac,blue
#0436ac,blue
#0939aa,blue
#0d3caa,blue
#123faa,blue
#1440a9,blue
#1642a9,blue
#1a45ab,blue
#1f49ae,blue
#224caf,blue
#2851b3,blue
#2b55b8,blue
#305abd,blue
#335dc0,blue
#3a64c6,blue
#436dcf,blue
#2446c7,blue
#2a4cc8,blue
#3154d2,blue
#3a5bd5,blue
#3d5fdb,blue
#4064e3,blue
#4466e6,blue
#4568eb,blue
#466bf0,blue
#4a6ff5,blue
#4e73f8,blue
#4e73fc,blue
#5277fd,blue
#528bfd,blue
#4f87f9,blue
#4b84f6,blue
#447ef4,blue
#3f7af0,blue
#3874ee,blue
#3972e6,blue
#3b71dc,blue
#376cd8,blue
#3468d1,blue
#3466cb,blue
#2362db,blue
#185cdc,blue
#1657d4,blue
#1656d1,blue
#1553c8,blue
#1250c5,blue
#124dc5,blue
#0a46be,blue
#0c48c3,blue
#0542be,blue
#0240be,blue
#003fc1,blue
#0041c4,blue
#0343c5,blue
#0645c3,blue
#0b46c0,blue
#104ac0,blue
#154ec0,blue
#1950be,blue
#1e52bb,blue
#2355ba,blue
#2555b7,blue
#2b5cc0,blue
#3161c2,blue
#306fe5,blue
#3473ec,blue
#3d7cf3,blue
#4384fc,blue
#4480f2,blue
#407cea,blue
#3d75df,blue
#376fd7,blue
#326ad2,blue
#2f65ca,blue
#2b63cd,blue
#275dc3,blue
#235bc5,blue
#2157bb,blue
#1951bb,blue
#1a4fb3,blue
#144cb4,blue
#0c46b5,blue
#1049b7,blue
#0945b7,blue
#0542b4,blue
#0342b9,blue
#0040ba,blue
#023dad,blue
#275398,blue
#28559e,blue
#3261af,blue
#3562aa,blue
#3966b0,blue
#3a6bba,blue
#3f72c6,blue
#4579d0,blue
#3e75d0,blue
#2d6fda,blue
#3673d6,blue
#3b76d4,blue
#346cc9,blue
#3167bf,blue
#2e67c5,blue
#2965c7,blue
#255fbf,blue
#265cb5,blue
#1d58b6,blue
#1a53af,blue
#154da8,blue
#0f48a7,blue
#0a45a5,blue
#0542a6,blue
#7607fd,purple
#7407f9,purple
#7004f4,purple
#7a16f6,purple
#8022f5,purple
#730fef,purple
#6f0ee5,purple
#6609d7,purple
#6c0be4,purple
#7b1af2,purple
#7405fb,purple
#6912d6,purple
#7b21ea,purple
#8a33f4,purple
#7b25e5,purple
#8528f6,purple
#7518e6,purple
#6d16d7,purple
#600dc5,purple
#5708b7,purple
#5c04c7,purple
#6307d4,purple
#6b10da,purple
#6605dc,purple
#6d10e0,purple
#7619e7,purple
#7516ec,purple
#7920e6,purple
#8029ea,purple
#832def,purple
#8c34f9,purple
#9340f9,purple
#8e3df1,purple
#8535e7,purple
#7d2be1,purple
#802ce6,purple
#782ad8,purple
#7223d2,purple
#6c1bd0,purple
#6917ce,purple
#7019db,purple
#6710d1,purple
#5e08c9,purple
#5806bd,purple
#5608b5,purple
#5104ae,purple
#5804be,purple
#5b02c8,purple
#5a04fb,purple
#5a04fa,purple
#5f0cfb,purple
#5c09f4,purple
#5806f0,purple
#5400f1,purple
#5804f6,purple
#600dfb,purple
#6413fb,purple
#6b1dfc,purple
#6314f6,purple
#6215ef,purple
#5d11ea,purple
#580be5,purple
#580be5,purple
#5306e3,purple
#5207df,purple
#5003e1,purple
#4f02dc,purple
#4c02d4,purple
#5103e3,purple
#5505e9,purple
#5303ea,purple
#5a0cec,purple
#5407e5,purple
#5003e1,purple
#4f04dc,purple
#5307e1,purple
#580ce5,purple
#5d14e4,purple
#6218ec,purple
#681ff1,purple
#7028f6,purple
#7832f9,purple
#7e3cfa,purple
#8344fb,purple
#7d3ff1,purple
#7638e9,purple
#6c2ee0,purple
#6729da,purple
#6424db,purple
#5d1dd4,purple
#5c1dd1,purple
#591cca,purple
#5214c6,purple
#500fc7,purple
#500cd0,purple
#4a04cb,purple
#7103ff,purple
#6f00ff,purple
#6c00fa,purple
#6b00f4,purple
#6f06f8,purple
#760dfd,purple
#7e19ff,purple
#7e1bff,purple
#7410f7,purple
#7714f8,purple
#6e0bef,purple
#6604e7,purple
#6904ed,purple
#6400e6,purple
#6201df,purple
#5d00d7,purple
#6203de,purple
#690ae5,purple
#6e10e6,purple
#7314ee,purple
#761aec,purple
#771bf0,purple
#7a1bf5,purple
#7f20fa,purple
#8c37fc,purple
#9142f8,purple
#8a33f9,purple
#8429f8,purple
#8430f0,purple
#7e2aea,purple
#7723e4,purple
#6f1bde,purple
#6a18d4,purple
#6511ce,purple
#5c08c7,purple
#5200be,purple
#5a00cd,purple
#5800cb,purple
#5a00d1,purple
#5e02d6,purple
#6307dc,purple
#6a0ee2,purple
#7113e9,purple
#781cee,purple
#7d23f4,purple
#8328fb,purple
#8b30ff,purple
#8223ff,purple
#7700ff,purple
#7908fc,purple
#7807fb,purple
#7502f9,purple
#7100f4,purple
#7104ee,purple
#750bef,purple
#780ef1,purple
#7d14f6,purple
#8016f9,purple
#8219fb,purple
#8419ff,purple
#861ffd,purple
#831df8,purple
#7e1af1,purple
#7b17ee,purple
#7712eb,purple
#740fe9,purple
#720de7,purple
#6d07e3,purple
#6b03e2,purple
#6800e0,purple
#6603d9,purple
#6908d8,purple
#5609af,purple
#5303b0,purple
#5703b8,purple
#5c07bd,purple
#5f0bbf,purple
#6310c2,purple
#6816c6,purple
#6d1dca,purple
#7423d1,purple
#7b29da,purple
#8430e4,purple
#8d39ee,purple
#9440f5,purple
#9943fb,purple
#953cfc,purple
#9034f9,purple
#8b2ff5,purple
#882cf1,purple
#8327ed,purple
#7f22e9,purple
#7a1ee4,purple
#7518df,purple
#7013db,purple
#6c0cda,purple
#9400ff,purple
#9706ff,purple
#9404fc,purple
#9301fb,purple
#9100f9,purple
#8f00f6,purple
#9105f6,purple
#9509f9,purple
#970cfb,purple
#9b10ff,purple
#9d14fe,purple
#9a12fa,purple
#9511f4,purple
#910ef1,purple
#8d09ec,purple
#8905e9,purple
#8604e5,purple
#8203df,purple
#850add,purple
#8811de,purple
#8d16e2,purple
#8f1ae3,purple
#921fe6,purple
#9722e9,purple
#922add,purple
#831ace,purple
#790cc7,purple
#7108bd,purple
#6d05b7,purple
#7003bf,purple
#7302c4,purple
#7202c2,purple
#7606c7,purple
#7b0bcc,purple
#8011cf,purple
#8516d6,purple
#8a1ada,purple
#8c1edd,purple
#9325e4,purple
#9729e8,purple
#a132f0,purple
#a536f6,purple
#a939fb,purple
#a731fc,purple
#a62efd,purple
#a32bf9,purple
#9e28f4,purple
#9a27ee,purple
#9630e0,purple
#9b36e4,purple
#a13aeb,purple
#a73ef2,purple
#ac43f9,purple
#b247fe,purple
#b24dfc,purple
#ae4cf5,purple
#a546eb,purple
#9f40e4,purple
#9537d9,purple
#8d34cd,purple
#892ccc,purple
#8126c3,purple
#7b25ba,purple
#771fb5,purple
#7017b0,purple
#6c11ae,purple
#650ca5,purple
#6507a9,purple
#6505ab,purple
#6905b0,purple
#6b03b5,purple
#6d03bb,purple
#8c00ff,purple
#8e06fd,purple
#8c05fb,purple
#8a01fb,purple
#8701f5,purple
#8907f5,purple
#8d0af7,purple
#900ffa,purple
#9413fd,purple
#981aff,purple
#9518fb,purple
#9014f5,purple
#8d11f2,purple
#8a0df1,purple
#880bee,purple
#8107e8,purple
#7e05e2,purple
#7c03e0,purple
#7901db,purple
#7d0cdb,purple
#8310e0,purple
#8718e3,purple
#8e1dea,purple
#9321f1,purple
#9d39ef,purple
#962eed,purple
#9331e5,purple
#8b27dd,purple
#8525d3,purple
#8621d8,purple
#7f1ecf,purple
#7916cb,purple
#710cc4,purple
#6c00c4,purple
#7103cb,purple
#7203ce,purple
#7206ca,purple
#760ecc,purple
#7a13cc,purple
#7d17d1,purple
#821ed4,purple
#8a25dd,purple
#922ae6,purple
#982eef,purple
#9d2ff7,purple
#9c28fd,purple
#9f2bfd,purple
#9925f7,purple
#a900ff,purple
#ab09fd,purple
#aa06fd,purple
#a804f9,purple
#a401f7,purple
#a200f4,purple
#a000ef,purple
#a304f4,purple
#a80df6,purple
#ab11f9,purple
#ad13fc,purple
#b015fe,purple
#b21bff,purple
#ae18fa,purple
#aa14f6,purple
#a40ef0,purple
#a00aec,purple
#9d08e8,purple
#9a03e6,purple
#9503df,purple
#9100db,purple
#9609dd,purple
#9a0de2,purple
#a115e8,purple
#9720d3,purple
#9f20e0,purple
#a118e7,purple
#a122e3,purple
#9d25d9,purple
#971bd4,purple
#940dd7,purple
#8f10d0,purple
#890acb,purple
#8900d0,purple
#9602e0,purple
#9104d8,purple
#9308d9,purple
#920fd3,purple
#9617d6,purple
#a022e0,purple
#ab2dea,purple
#b433f6,purple
#ba31fe,purple
#b52cfa,purple
#af29f4,purple
#ab22f2,purple
#a91bf1,purple
#a518ec,purple
#8704fc,purple
#8700ff,purple
#8602f9,purple
#8302f4,purple
#8100f3,purple
#8002ef,purple
#8409f0,purple
#880ef4,purple
#8b11f9,purple
#8e13fd,purple
#931afe,purple
#951efe,purple
#911bf9,purple
#8d17f5,purple
#8913f1,purple
#840fec,purple
#800ce8,purple
#7e07e7,purple
#7905e1,purple
#7604dd,purple
#7801e1,purple
#7c09e0,purple
#820ee7,purple
#8a19ed,purple
#7000d3,purple
#7403d7,purple
#7306d4,purple
#7509d6,purple
#780ed4,purple
#7d15d9,purple
#8119dc,purple
#8417e2,purple
#8820e4,purple
#8e27e9,purple
#942cef,purple
#992ff6,purple
#9f32fd,purple
#9a2dfa,purple
#9629f5,purple
#9023ef,purple
#8d1eef,purple
#9325f4,purple
#9727fa,purple
#9b2afe,purple
#9826ff,purple
#9621fe,purple
#921ff9,purple
#8f1df4,purple
#6e01ce,purple
#7208d0,purple
#780dd5,purple
#7611ce,purple
#7b16d5,purple
#811cdb,purple
#8321d9,purple
#8826df,purple
#8d2be3,purple
#8c2edf,purple
#8a2ddb,purple
#9437e6,purple
#9036e0,purple
#9635ec,purple
#9d3df1,purple
#a03ef6,purple
#a23ffa,purple
#a442fc,purple
#a746fd,purple
#a444f9,purple
#9f3ff4,purple
#983aeb,purple
#953ee2,purple
#8d37d9,purple
#5302b1,purple
#5708b3,purple
#5b0bb7,purple
#5e0fb8,purple
#6214bc,purple
#661abe,purple
#6b1ec3,purple
#7023c8,purple
#762bcd,purple
#7c31d2,purple
#8136d8,purple
#863add,purple
#8f45e5,purple
#8d43e2,purple
#954aeb,purple
#994fef,purple
#9d53f3,purple
#a45bf9,purple
#a85ffd,purple
#a55ef6,purple
#a05cee,purple
#9b5ae6,purple
#9354dc,purple
#8d4dd7,purple
#7820c1,purple
#751bbe,purple
#7117ba,purple
#6e12ba,purple
#680db4,purple
#6207ad,purple
#6005aa,purple
#5f01ac,purple
#5001ac,purple
#5204ac,purple
#5409aa,purple
#560daa,purple
#5912aa,purple
#5914a9,purple
#5a16a9,purple
#5d1aab,purple
#611fae,purple
#6422af,purple
#6928b3,purple
#6d2bb8,purple
#7230bd,purple
#7533c0,purple
#7b3ac6,purple
#8443cf,purple
#7e24c7,purple
#802ac8,purple
#8931d2,purple
#8f3ad5,purple
#933ddb,purple
#9940e3,purple
#9d44e6,purple
#a045eb,purple
#a346f0,purple
#a84af5,purple
#ab4ef8,purple
#ae4efc,purple
#b052fd,purple
#9b52fd,purple
#984ff9,purple
#944bf6,purple
#9044f4,purple
#8b3ff0,purple
#8738ee,purple
#8339e6,purple
#803bdc,purple
#7d37d8,purple
#7834d1,purple
#7534cb,purple
#7023db,purple
#6918dc,purple
#6516d4,purple
#6416d1,purple
#5f15c8,purple
#5c12c5,purple
#5f12c5,purple
#570abe,purple
#5b0cc3,purple
#5505be,purple
#5402be,purple
#5400c1,purple
#5400c4,purple
#5703c5,purple
#5706c3,purple
#590bc0,purple
#5c10c0,purple
#5e15c0,purple
#6019be,purple
#621ebb,purple
#6423ba,purple
#6425b7,purple
#6b2bc0,purple
#6f31c2,purple
#7b30e5,purple
#8134ec,purple
#883df3,purple
#8f43fc,purple
#8d44f2,purple
#8640ea,purple
#803ddf,purple
#7937d7,purple
#7432d2,purple
#6f2fca,purple
#6e2bcd,purple
#6827c3,purple
#6623c5,purple
#6121bb,purple
#5c19bb,purple
#5a1ab3,purple
#5614b4,purple
#530cb5,purple
#5610b7,purple
#5109b7,purple
#4d05b4,purple
#4e03b9,purple
#4e00ba,purple
#4902ad,purple
#512798,purple
#55289e,purple
#6232af,purple
#6135aa,purple
#6739b0,purple
#6a3aba,purple
#733fc6,purple
#7b45d0,purple
#763ed0,purple
#6f2dda,purple
#7336d6,purple
#753bd4,purple
#6d34c9,purple
#6731bf,purple
#682ec5,purple
#6529c7,purple
#6125bf,purple
#5d26b5,purple
#571db6,purple
#521aaf,purple
#4d15a8,purple
#4a0fa7,purple
#450aa5,purple
#4305a6,purple
#c307fd,magenta
#c007f9,magenta
#bc04f4,magenta
#c116f6,magenta
#c322f5,magenta
#ba0fef,magenta
#b30ee5,magenta
#a709d7,magenta
#b00be4,magenta
#bf1af2,magenta
#c105fb,magenta
#a712d6,magenta
#bb21ea,magenta
#c733f4,magenta
#b825e5,magenta
#c628f6,magenta
#b618e6,magenta
#aa16d7,magenta
#9a0dc5,magenta
#8e08b7,magenta
#9904c7,magenta
#a407d4,magenta
#ab10da,magenta
#aa05dc,magenta
#af10e0,magenta
#b719e7,magenta
#b916ec,magenta
#b820e6,magenta
#bd29ea,magenta
#c12def,magenta
#ca34f9,magenta
#ce40f9,magenta
#c73df1,magenta
#bd35e7,magenta
#b62be1,magenta
#ba2ce6,magenta
#af2ad8,magenta
#a923d2,magenta
#a61bd0,magenta
#a317ce,magenta
#ae19db,magenta
#a410d1,magenta
#9b08c9,magenta
#9206bd,magenta
#8c08b5,magenta
#8704ae,magenta
#9204be,magenta
#9a02c8,magenta
#a804fb,magenta
#a704fa,magenta
#ab0cfb,magenta
#a609f4,magenta
#a206f0,magenta
#a000f1,magenta
#a504f6,magenta
#ab0dfb,magenta
#ad13fb,magenta
#b11dfc,magenta
#ab14f6,magenta
#a715ef,magenta
#a211ea,magenta
#9d0be5,magenta
#9d0be5,magenta
#9906e3,magenta
#9607df,magenta
#9603e1,magenta
#9402dc,magenta
#8e02d4,magenta
#9803e3,magenta
#9d05e9,magenta
#9c03ea,magenta
#a10cec,magenta
#9a07e5,magenta
#9603e1,magenta
#9304dc,magenta
#9807e1,magenta
#9d0ce5,magenta
#9f14e4,magenta
#a518ec,magenta
#aa1ff1,magenta
#b128f6,magenta
#b732f9,magenta
#ba3cfa,magenta
#bd44fb,magenta
#b53ff1,magenta
#ae38e9,magenta
#a42ee0,magenta
#9f29da,magenta
#9e24db,magenta
#971dd4,magenta
#951dd1,magenta
#901cca,magenta
#8a14c6,magenta
#8a0fc7,magenta
#8e0cd0,magenta
#8904cb,magenta
#c103ff,magenta
#bf00ff,magenta
#bb00fa,magenta
#b800f4,magenta
#bb06f8,magenta
#c20dfd,magenta
#c619ff,magenta
#c61bff,magenta
#bd10f7,magenta
#bf14f8,magenta
#b60bef,magenta
#ae04e7,magenta
#b304ed,magenta
#ac00e6,magenta
#a801df,magenta
#a100d7,magenta
#a703de,magenta
#ae0ae5,magenta
#b110e6,magenta
#b714ee,magenta
#b81aec,magenta
#bb1bf0,magenta
#be1bf5,magenta
#c320fa,magenta
#cb37fc,magenta
#ca42f8,magenta
#c933f9,magenta
#c529f8,magenta
#c130f0,magenta
#bb2aea,magenta
#b423e4,magenta
#ac1bde,magenta
#a518d4,magenta
#a111ce,magenta
#9808c7,magenta
#8e00be,magenta
#9b00cd,magenta
#9800cb,magenta
#9c00d1,magenta
#a102d6,magenta
#a707dc,magenta
#ad0ee2,magenta
#b413e9,magenta
#ba1cee,magenta
#bf23f4,magenta
#c628fb,magenta
#cc30ff,magenta
#c823ff,magenta
#c700ff,magenta
#c708fc,magenta
#c607fb,magenta
#c302f9,magenta
#bf00f4,magenta
#bb04ee,magenta
#bd0bef,magenta
#bf0ef1,magenta
#c514f6,magenta
#c716f9,magenta
#ca19fb,magenta
#cd19ff,magenta
#cc1ffd,magenta
#c81df8,magenta
#c21af1,magenta
#bf17ee,magenta
#bc12eb,magenta
#b90fe9,magenta
#b70de7,magenta
#b307e3,magenta
#b103e2,magenta
#af00e0,magenta
#aa03d9,magenta
#aa08d8,magenta
#8b09af,magenta
#8a03b0,magenta
#9003b8,magenta
#9507bd,magenta
#980bbf,magenta
#9b10c2,magenta
#9f16c6,magenta
#a41dca,magenta
#ab23d1,magenta
#b329da,magenta
#bd30e4,magenta
#c639ee,magenta
#cd40f5,magenta
#d343fb,magenta
#d23cfc,magenta
#ce34f9,magenta
#ca2ff5,magenta
#c62cf1,magenta
#c227ed,magenta
#bd22e9,magenta
#b91ee4,magenta
#b318df,magenta
#af13db,magenta
#ad0cda,magenta
#e500ff,magenta
#e606ff,magenta
#e304fc,magenta
#e301fb,magenta
#e000f9,magenta
#dd00f6,magenta
#de05f6,magenta
#e109f9,magenta
#e30cfb,magenta
#e710ff,magenta
#e714fe,magenta
#e312fa,magenta
#dd11f4,magenta
#d90ef1,magenta
#d509ec,magenta
#d105e9,magenta
#cd04e5,magenta
#c803df,magenta
#c80add,magenta
#c911de,magenta
#cd16e2,magenta
#cf1ae3,magenta
#d11fe6,magenta
#d622e9,magenta
#cb2add,magenta
#bc1ace,magenta
#b40cc7,magenta
#ab08bd,magenta
#a505b7,magenta
#ac03bf,magenta
#b002c4,magenta
#af02c2,magenta
#b306c7,magenta
#b80bcc,magenta
#bc11cf,magenta
#c216d6,magenta
#c71ada,magenta
#c91edd,magenta
#d025e4,magenta
#d429e8,magenta
#dd32f0,magenta
#e236f6,magenta
#e739fb,magenta
#e731fc,magenta
#e82efd,magenta
#e42bf9,magenta
#de28f4,magenta
#d927ee,magenta
#cd30e0,magenta
#d236e4,magenta
#d93aeb,magenta
#e03ef2,magenta
#e643f9,magenta
#ec47fe,magenta
#ea4dfc,magenta
#e44cf5,magenta
#da46eb,magenta
#d340e4,magenta
#c937d9,magenta
#bd34cd,magenta
#bc2ccc,magenta
#b226c3,magenta
#aa25ba,magenta
#a61fb5,magenta
#a017b0,magenta
#9d11ae,magenta
#950ca5,magenta
#9907a9,magenta
#9905ab,magenta
#9f05b0,magenta
#a303b5,magenta
#a803bb,magenta
#dd00ff,magenta
#dc06fd,magenta
#da05fb,magenta
#d901fb,magenta
#d501f5,magenta
#d407f5,magenta
#d80af7,magenta
#db0ffa,magenta
#de13fd,magenta
#e11aff,magenta
#dd18fb,magenta
#d714f5,magenta
#d411f2,magenta
#d20df1,magenta
#d00bee,magenta
#c807e8,magenta
#c405e2,magenta
#c203e0,magenta
#be01db,magenta
#bf0cdb,magenta
#c410e0,magenta
#c718e3,magenta
#cf1dea,magenta
#d521f1,magenta
#d639ef,magenta
#d32eed,magenta
#cc31e5,magenta
#c427dd,magenta
#bc25d3,magenta
#c021d8,magenta
#b71ecf,magenta
#b216cb,magenta
#ac0cc4,magenta
#aa00c4,magenta
#b003cb,magenta
#b203ce,magenta
#b006ca,magenta
#b20ecc,magenta
#b413cc,magenta
#b817d1,magenta
#bc1ed4,magenta
#c525dd,magenta
#cd2ae6,magenta
#d52eef,magenta
#dc2ff7,magenta
#df28fd,magenta
#e12bfd,magenta
#db25f7,magenta
#fa00ff,magenta
#f809fd,magenta
#f806fd,magenta
#f504f9,magenta
#f201f7,magenta
#ef00f4,magenta
#eb00ef,magenta
#ef04f4,magenta
#f10df6,magenta
#f411f9,magenta
#f713fc,magenta
#f915fe,magenta
#fa1bff,magenta
#f618fa,magenta
#f214f6,magenta
#ec0ef0,magenta
#e80aec,magenta
#e408e8,magenta
#e203e6,magenta
#db03df,magenta
#d700db,magenta
#d909dd,magenta
#de0de2,magenta
#e415e8,magenta
#d020d3,magenta
#db20e0,magenta
#e318e7,magenta
#de22e3,magenta
#d525d9,magenta
#d11bd4,magenta
#d40dd7,magenta
#cb10d0,magenta
#c60acb,magenta
#cb00d0,magenta
#dd02e0,magenta
#d404d8,magenta
#d508d9,magenta
#d00fd3,magenta
#d217d6,magenta
#dc22e0,magenta
#e62dea,magenta
#f233f6,magenta
#fb31fe,magenta
#f62cfa,magenta
#ef29f4,magenta
#ed22f2,magenta
#ed1bf1,magenta
#e818ec,magenta
#d504fc,magenta
#d800ff,magenta
#d402f9,magenta
#cf02f4,magenta
#ce00f3,magenta
#cb02ef,magenta
#cd09f0,magenta
#d10ef4,magenta
#d511f9,magenta
#d813fd,magenta
#db1afe,magenta
#dc1efe,magenta
#d71bf9,magenta
#d317f5,magenta
#cf13f1,magenta
#ca0fec,magenta
#c60ce8,magenta
#c507e7,magenta
#bf05e1,magenta
#bb04dd,magenta
#bf01e1,magenta
#c009e0,magenta
#c70ee7,magenta
#cd19ed,magenta
#b300d3,magenta
#b703d7,magenta
#b406d4,magenta
#b609d6,magenta
#b70ed4,magenta
#bb15d9,magenta
#be19dc,magenta
#c417e2,magenta
#c620e4,magenta
#cb27e9,magenta
#d12cef,magenta
#d82ff6,magenta
#df32fd,magenta
#db2dfa,magenta
#d729f5,magenta
#d123ef,magenta
#cf1eef,magenta
#d425f4,magenta
#da27fa,magenta
#de2afe,magenta
#dd26ff,magenta
#dc21fe,magenta
#d71ff9,magenta
#d31df4,magenta
#af01ce,magenta
#b208d0,magenta
#b70dd5,magenta
#b211ce,magenta
#b816d5,magenta
#be1cdb,magenta
#be21d9,magenta
#c326df,magenta
#c72be3,magenta
#c42edf,magenta
#c12ddb,magenta
#cb37e6,magenta
#c636e0,magenta
#d035ec,magenta
#d63df1,magenta
#da3ef6,magenta
#dd3ffa,magenta
#df42fc,magenta
#e146fd,magenta
#dd44f9,magenta
#d83ff4,magenta
#d03aeb,magenta
#c93ee2,magenta
#c037d9,magenta
#8b02b1,magenta
#8e08b3,magenta
#910bb7,magenta
#930fb8,magenta
#9714bc,magenta
#9a1abe,magenta
#9f1ec3,magenta
#a423c8,magenta
#aa2bcd,magenta
#af31d2,magenta
#b536d8,magenta
#b93add,magenta
#c245e5,magenta
#bf43e2,magenta
#c84aeb,magenta
#cc4fef,magenta
#d053f3,magenta
#d65bf9,magenta
#da5ffd,magenta
#d55ef6,magenta
#ce5cee,magenta
#c75ae6,magenta
#be54dc,magenta
#b94dd7,magenta
#ab20c1,magenta
#a81bbe,magenta
#a417ba,magenta
#a312ba,magenta
#9d0db4,magenta
#9707ad,magenta
#9405aa,magenta
#9501ac,magenta
#8701ac,magenta
#8704ac,magenta
#8709aa,magenta
#880daa,magenta
#8912aa,magenta
#8814a9,magenta
#8916a9,magenta
#8b1aab,magenta
#8f1fae,magenta
#9022af,magenta
#9528b3,magenta
#992bb8,magenta
#9e30bd,magenta
#a133c0,magenta
#a73ac6,magenta
#b043cf,magenta
#b124c7,magenta
#b22ac8,magenta
#bc31d2,magenta
#c03ad5,magenta
#c53ddb,magenta
#cc40e3,magenta
#d044e6,magenta
#d545eb,magenta
#d946f0,magenta
#de4af5,magenta
#e14ef8,magenta
#e54efc,magenta
#e652fd,magenta
#d252fd,magenta
#ce4ff9,magenta
#cb4bf6,magenta
#c744f4,magenta
#c33ff0,magenta
#c038ee,magenta
#ba39e6,magenta
#b23bdc,magenta
#b037d8,magenta
#aa34d1,magenta
#a534cb,magenta
#aa23db,magenta
#a718dc,magenta
#a216d4,magenta
#9f16d1,magenta
#9815c8,magenta
#9512c5,magenta
#9812c5,magenta
#900abe,magenta
#950cc3,magenta
#9005be,magenta
#8f02be,magenta
#9100c1,magenta
#9200c4,magenta
#9403c5,magenta
#9306c3,magenta
#930bc0,magenta
#9310c0,magenta
#9515c0,magenta
#9419be,magenta
#941ebb,magenta
#9423ba,magenta
#9225b7,magenta
#9a2bc0,magenta
#9d31c2,magenta
#b430e5,magenta
#bb34ec,magenta
#c23df3,magenta
#c943fc,magenta
#c444f2,magenta
#bc40ea,magenta
#b33ddf,magenta
#ac37d7,magenta
#a732d2,magenta
#a02fca,magenta
#a12bcd,magenta
#9927c3,magenta
#9923c5,magenta
#9121bb,magenta
#8f19bb,magenta
#8a1ab3,magenta
#8914b4,magenta
#880cb5,magenta
#8b10b7,magenta
#8809b7,magenta
#8505b4,magenta
#8803b9,magenta
#8900ba,magenta
#8002ad,magenta
#752798,magenta
#7a289e,magenta
#8a32af,magenta
#8635aa,magenta
#8c39b0,magenta
#933aba,magenta
#9d3fc6,magenta
#a745d0,magenta
#a43ed0,magenta
#a52dda,magenta
#a536d6,magenta
#a53bd4,magenta
#9c34c9,magenta
#9431bf,magenta
#982ec5,magenta
#9729c7,magenta
#9125bf,magenta
#8a26b5,magenta
#871db6,magenta
#821aaf,magenta
#7c15a8,magenta
#7a0fa7,magenta
#760aa5,magenta
#7605a6,magenta
#fd07a6,fuschia
#f907a3,fuschia
#f4049f,fuschia
#f616a7,fuschia
#f522ab,fuschia
#ef0fa0,fuschia
#e50e99,fuschia
#d7098e,fuschia
#e40b98,fuschia
#f21aa5,fuschia
#fb05a4,fuschia
#d61291,fuschia
#ea21a3,fuschia
#f433af,fuschia
#e525a1,fuschia
#f628ad,fuschia
#e6189d,fuschia
#d71692,fuschia
#c50d84,fuschia
#b70879,fuschia
#c70482,fuschia
#d4078b,fuschia
#da1092,fuschia
#dc0590,fuschia
#e01096,fuschia
#e7199e,fuschia
#ec16a1,fuschia
#e620a0,fuschia
#ea29a5,fuschia
#ef2dab,fuschia
#f934b4,fuschia
#f940b7,fuschia
#f13db1,fuschia
#e735a8,fuschia
#e12ba0,fuschia
#e62ca4,fuschia
#d82a9a,fuschia
#d22394,fuschia
#d01b90,fuschia
#ce178d,fuschia
#db1996,fuschia
#d1108c,fuschia
#c90885,fuschia
#bd067c,fuschia
#b50878,fuschia
#ae0471,fuschia
#be047c,fuschia
#c80282,fuschia
#fb04bc,fuschia
#fa04bc,fuschia
#fb0cbe,fuschia
#f409b7,fuschia
#f006b4,fuschia
#f100b4,fuschia
#f604b9,fuschia
#fb0dbf,fuschia
#fb13c0,fuschia
#fc1dc3,fuschia
#f614bc,fuschia
#ef15b7,fuschia
#ea11b2,fuschia
#e50bad,fuschia
#e50bad,fuschia
#e306ab,fuschia
#df07a8,fuschia
#e103a9,fuschia
#dc02a4,fuschia
#d4029e,fuschia
#e303aa,fuschia
#e905ae,fuschia
#ea03af,fuschia
#ec0cb3,fuschia
#e507ad,fuschia
#e103a9,fuschia
#dc04a5,fuschia
#e107aa,fuschia
#e50cad,fuschia
#e414ae,fuschia
#ec18b6,fuschia
#f11fbc,fuschia
#f628c2,fuschia
#f932c6,fuschia
#fa3cca,fuschia
#fb44cd,fuschia
#f13fc4,fuschia
#e938bc,fuschia
#e02eb3,fuschia
#da29ad,fuschia
#db24ac,fuschia
#d41da5,fuschia
#d11da3,fuschia
#ca1c9d,fuschia
#c61499,fuschia
#c70f98,fuschia
#d00c9e,fuschia
#cb0498,fuschia
#ff03a8,fuschia
#ff00a8,fuschia
#fa00a5,fuschia
#f400a0,fuschia
#f806a6,fuschia
#fd0daa,fuschia
#ff19b0,fuschia
#ff1bb2,fuschia
#f710a8,fuschia
#f814ab,fuschia
#ef0ba2,fuschia
#e7049a,fuschia
#ed049e,fuschia
#e60098,fuschia
#df0193,fuschia
#d7008e,fuschia
#de0394,fuschia
#e50a9b,fuschia
#e6109c,fuschia
#ee14a4,fuschia
#ec1aa4,fuschia
#f01ba8,fuschia
#f51bab,fuschia
#fa20b0,fuschia
#fc37b9,fuschia
#f842ba,fuschia
#f933b4,fuschia
#f829b1,fuschia
#f030ae,fuschia
#ea2aa8,fuschia
#e423a2,fuschia
#de1b9c,fuschia
#d41894,fuschia
#ce118c,fuschia
#c70885,fuschia
#be007e,fuschia
#cd0087,fuschia
#cb0086,fuschia
#d1008b,fuschia
#d6028e,fuschia
#dc0794,fuschia
#e20e9a,fuschia
#e9139f,fuschia
#ee1ca6,fuschia
#f423ae,fuschia
#fb28b3,fuschia
#ff30b8,fuschia
#ff23b4,fuschia
#ff00a0,fuschia
#fc08a1,fuschia
#fb07a0,fuschia
#f9029d,fuschia
#f40099,fuschia
#ee0497,fuschia
#ef0b9a,fuschia
#f10e9d,fuschia
#f614a2,fuschia
#f916a5,fuschia
#fb19a7,fuschia
#ff19aa,fuschia
#fd1fab,fuschia
#f81da7,fuschia
#f11aa1,fuschia
#ee179e,fuschia
#eb129a,fuschia
#e90f98,fuschia
#e70d96,fuschia
#e30791,fuschia
#e2038f,fuschia
#e0008d,fuschia
#d9038a,fuschia
#d8088b,fuschia
#af0971,fuschia
#b00370,fuschia
#b80375,fuschia
#bd0779,fuschia
#bf0b7c,fuschia
#c21080,fuschia
#c61685,fuschia
#ca1d8a,fuschia
#d12390,fuschia
#da2998,fuschia
#e430a1,fuschia
#ee39ab,fuschia
#f540b2,fuschia
#fb43b7,fuschia
#fc3cb5,fuschia
#f934b0,fuschia
#f52fac,fuschia
#f12ca8,fuschia
#ed27a4,fuschia
#e9229f,fuschia
#e41e9b,fuschia
#df1895,fuschia
#db1391,fuschia
#da0c8e,fuschia
#ff0082,fuschia
#ff0685,fuschia
#fc0483,fuschia
#fb0180,fuschia
#f9007f,fuschia
#f6007e,fuschia
#f60580,fuschia
#f90984,fuschia
#fb0c86,fuschia
#ff108a,fuschia
#fe148b,fuschia
#fa1288,fuschia
#f41185,fuschia
#f10e83,fuschia
#ec097d,fuschia
#e9057b,fuschia
#e50478,fuschia
#df0374,fuschia
#dd0a76,fuschia
#de117a,fuschia
#e2167e,fuschia
#e31a81,fuschia
#e61f86,fuschia
#e92287,fuschia
#dd2a86,fuschia
#ce1a76,fuschia
#c70c6c,fuschia
#bd0865,fuschia
#b70560,fuschia
#bf0363,fuschia
#c40265,fuschia
#c20263,fuschia
#c7066a,fuschia
#cc0b6f,fuschia
#cf1172,fuschia
#d61679,fuschia
#da1a7b,fuschia
#dd1e80,fuschia
#e42587,fuschia
#e8298b,fuschia
#f03293,fuschia
#f63699,fuschia
#fb399d,fuschia
#fc3199,fuschia
#fd2e98,fuschia
#f92b94,fuschia
#f42891,fuschia
#ee278e,fuschia
#e0308b,fuschia
#e43690,fuschia
#eb3a95,fuschia
#f23e9a,fuschia
#f943a1,fuschia
#fe47a4,fuschia
#fc4da7,fuschia
#f54ca2,fuschia
#eb469b,fuschia
#e44094,fuschia
#d9378a,fuschia
#cd3482,fuschia
#cc2c7e,fuschia
#c32677,fuschia
#ba2572,fuschia
#b51f6b,fuschia
#b01765,fuschia
#ae1162,fuschia
#a50c5a,fuschia
#a9075a,fuschia
#ab055b,fuschia
#b0055d,fuschia
#b5035e,fuschia
#bb0362,fuschia
#ff008a,fuschia
#fd068c,fuschia
#fb058b,fuschia
#fb018a,fuschia
#f50185,fuschia
#f50789,fuschia
#f70a8b,fuschia
#fa0f8f,fuschia
#fd1392,fuschia
#ff1a96,fuschia
#fb1893,fuschia
#f5148e,fuschia
#f2118b,fuschia
#f10d8a,fuschia
#ee0b86,fuschia
#e80783,fuschia
#e2057e,fuschia
#e0037c,fuschia
#db0177,fuschia
#db0c7d,fuschia
#e01081,fuschia
#e31887,fuschia
#ea1d8c,fuschia
#f12193,fuschia
#ef399d,fuschia
#ed2e96,fuschia
#e53193,fuschia
#dd278b,fuschia
#d32583,fuschia
#d82184,fuschia
#cf1e7e,fuschia
#cb1679,fuschia
#c40c70,fuschia
#c4006a,fuschia
#cb0370,fuschia
#ce0372,fuschia
#ca0670,fuschia
#cc0e76,fuschia
#cc1377,fuschia
#d1177d,fuschia
#d41e81,fuschia
#dd2589,fuschia
#e62a90,fuschia
#ef2e98,fuschia
#f72f9c,fuschia
#fd289d,fuschia
#fd2b9d,fuschia
#f72597,fuschia
#ff006e,fuschia
#fd0972,fuschia
#fd0670,fuschia
#f9046c,fuschia
#f7016b,fuschia
#f40069,fuschia
#ef0066,fuschia
#f4046b,fuschia
#f60d71,fuschia
#f91175,fuschia
#fc1378,fuschia
#fe1579,fuschia
#ff1b7e,fuschia
#fa1879,fuschia
#f61475,fuschia
#f00e6f,fuschia
#ec0a6b,fuschia
#e80868,fuschia
#e60365,fuschia
#df0362,fuschia
#db005e,fuschia
#dd0964,fuschia
#e20d69,fuschia
#e81570,fuschia
#d3206d,fuschia
#e02073,fuschia
#e71871,fuschia
#e32276,fuschia
#d92572,fuschia
#d41b6a,fuschia
#d70d63,fuschia
#d01063,fuschia
#cb0a5e,fuschia
#d0005a,fuschia
#e00261,fuschia
#d8045f,fuschia
#d90862,fuschia
#d30f62,fuschia
#d61769,fuschia
#e02274,fuschia
#ea2d7e,fuschia
#f63387,fuschia
#fe3188,fuschia
#fa2c85,fuschia
#f42981,fuschia
#f2227c,fuschia
#f11b77,fuschia
#ec1873,fuschia
#fc0490,fuschia
#ff008f,fuschia
#f9028c,fuschia
#f4028a,fuschia
#f30089,fuschia
#ef0287,fuschia
#f0098b,fuschia
#f40e8f,fuschia
#f91194,fuschia
#fd1398,fuschia
#fe1a9a,fuschia
#fe1e9c,fuschia
#f91b98,fuschia
#f51794,fuschia
#f11390,fuschia
#ec0f8b,fuschia
#e80c89,fuschia
#e70785,fuschia
#e10582,fuschia
#dd047f,fuschia
#e1017f,fuschia
#e00981,fuschia
#e70e87,fuschia
#ed1990,fuschia
#d30077,fuschia
#d7037a,fuschia
#d4067b,fuschia
#d6097d,fuschia
#d40e7d,fuschia
#d91583,fuschia
#dc1987,fuschia
#e21788,fuschia
#e4208e,fuschia
#e92794,fuschia
#ef2c9a,fuschia
#f62f9f,fuschia
#fd32a3,fuschia
#fa2da0,fuschia
#f5299b,fuschia
#ef2395,fuschia
#ef1e94,fuschia
#f42599,fuschia
#fa279e,fuschia
#fe2aa1,fuschia
#ff26a1,fuschia
#fe219d,fuschia
#f91f9a,fuschia
#f41d96,fuschia
#ce0174,fuschia
#d00878,fuschia
#d50d7d,fuschia
#ce117b,fuschia
#d51681,fuschia
#db1c87,fuschia
#d92188,fuschia
#df268e,fuschia
#e32b92,fuschia
#df2e92,fuschia
#db2d8e,fuschia
#e63799,fuschia
#e03696,fuschia
#ec359c,fuschia
#f13da2,fuschia
#f63ea5,fuschia
#fa3fa9,fuschia
#fc42ab,fuschia
#fd46ad,fuschia
#f944aa,fuschia
#f43fa5,fuschia
#eb3a9e,fuschia
#e23e9a,fuschia
#d93792,fuschia
#b10270,fuschia
#b30874,fuschia
#b70b77,fuschia
#b80f79,fuschia
#bc147e,fuschia
#be1a81,fuschia
#c31e86,fuschia
#c8238b,fuschia
#cd2b91,fuschia
#d23196,fuschia
#d8369c,fuschia
#dd3aa1,fuschia
#e545aa,fuschia
#e243a7,fuschia
#eb4aaf,fuschia
#ef4fb4,fuschia
#f353b8,fuschia
#f95bbe,fuschia
#fd5fc2,fuschia
#f65ebe,fuschia
#ee5cb8,fuschia
#e65ab2,fuschia
#dc54aa,fuschia
#d74da4,fuschia
#c12078,fuschia
#be1b74,fuschia
#ba1770,fuschia
#ba126e,fuschia
#b40d68,fuschia
#ad0761,fuschia
#aa055f,fuschia
#ac015f,fuschia
#ac016d,fuschia
#ac046e,fuschia
#aa096e,fuschia
#aa0d70,fuschia
#aa1272,fuschia
#a91472,fuschia
#a91672,fuschia
#ab1a75,fuschia
#ae1f79,fuschia
#af227b,fuschia
#b3287f,fuschia
#b82b84,fuschia
#bd3089,fuschia
#c0338c,fuschia
#c63a92,fuschia
#cf439b,fuschia
#c7247d,fuschia
#c82a80,fuschia
#d23189,fuschia
#d53a8f,fuschia
#db3d93,fuschia
#e3409a,fuschia
#e6449c,fuschia
#eb459f,fuschia
#f046a3,fuschia
#f54aa8,fuschia
#f84eab,fuschia
#fc4eac,fuschia
#fd52b0,fuschia
#fd52c4,fuschia
#f94fc0,fuschia
#f64bbd,fuschia
#f444b9,fuschia
#f03fb5,fuschia
#ee38b0,fuschia
#e639ac,fuschia
#dc3ba7,fuschia
#d837a1,fuschia
#d1349c,fuschia
#cb3498,fuschia
#db239f,fuschia
#dc189d,fuschia
#d41696,fuschia
#d11694,fuschia
#c8158f,fuschia
#c5128c,fuschia
#c51289,fuschia
#be0a82,fuschia
#c30c85,fuschia
#be057f,fuschia
#be027e,fuschia
#c1007f,fuschia
#c40082,fuschia
#c50383,fuschia
#c30684,fuschia
#c00b82,fuschia
#c01085,fuschia
#c01587,fuschia
#be1987,fuschia
#bb1e86,fuschia
#ba2387,fuschia
#b72586,fuschia
#c02b8e,fuschia
#c23191,fuschia
#e530ab,fuschia
#ec34b0,fuschia
#f33db9,fuschia
#fc43c1,fuschia
#f244ba,fuschia
#ea40b4,fuschia
#df3dab,fuschia
#d737a4,fuschia
#d2329f,fuschia
#ca2f98,fuschia
#cd2b99,fuschia
#c32791,fuschia
#c52391,fuschia
#bb218a,fuschia
#bb1987,fuschia
#b31a81,fuschia
#b41481,fuschia
#b50c7e,fuschia
#b71081,fuschia
#b7097f,fuschia
#b4057c,fuschia
#b9037f,fuschia
#ba007e,fuschia
#ad0276,fuschia
#982778,fuschia
#9e287c,fuschia
#af328a,fuschia
#aa3589,fuschia
#b0398e,fuschia
#ba3a95,fuschia
#c63f9f,fuschia
#d045a7,fuschia
#d03ea6,fuschia
#da2da9,fuschia
#d636a8,fuschia
#d43ba8,fuschia
#c9349e,fuschia
#bf3197,fuschia
#c52e99,fuschia
#c72999,fuschia
#bf2592,fuschia
#b5268c,fuschia
#b61d8a,fuschia
#af1a85,fuschia
#a8157e,fuschia
#a70f7a,fuschia
#a50a78,fuschia
#a60577,fuschia
